incident_id,incident_status,report_type,report_date,owner_name,regulated_entity_name,county,event_type,event_start,event_end,ep_name,epn,contaminant,est_quantity,units,emission_limit,limit_units,authorization,latitude,longitude,geocode_source
15337,CLOSED,FINAL,2/18/2003,SOLUTIA INC,ASCEND PERFORMANCE MATERIALS CHOCOLATE BAYOU PLANT,BRAZORIA,EMISSIONS EVENT,2/3/2003 4:18,2/13/2003 21:00,AN7 Boiler Waste Heat Boiler,70Z401,Hydrogen cyanide,77,POUNDS,513.4,POUNDS,TCEQ Permit No. 38336,29.18161,-95.4993375,county_centroid
16858,CLOSED,FINAL,3/12/2003,SOLUTIA INC,ASCEND PERFORMANCE MATERIALS CHOCOLATE BAYOU PLANT,BRAZORIA,EMISSIONS EVENT,3/4/2003 9:28,3/5/2003 17:48,AN7 waste heat boiler,70Z401,Hydrogen cyanide,6.4,POUNDS,63.7,POUNDS,TCEQ Permit No. 38336,29.18161,-95.4993375,county_centroid
18961,CLOSED,FINAL,8/19/2003,EIDP INC,CHEMOURS BEAUMONT ANILINE FACILITY,JEFFERSON,EMISSIONS EVENT,4/12/2003 8:12,4/12/2003 14:35,Absorber Column Bypass Vent,ACR-VNT51,Hydrogen cyanide,3480,POUNDS,1,LBS/HR,1743,30.00712,-94.02963,mapbox
19983,CLOSED,FINAL,5/12/2003,BP CHEMICALS INC,INEOS GREEN LAKE PLANT,CALHOUN,EMISSIONS EVENT,4/28/2003 12:35,4/28/2003 14:41,AOGIB No. 1,H-4A,Hydrogen cyanide,2.96,POUNDS,9.46,LBS/HR,TCEQ Permit Authorization No. 6289/PSD-TX-76M7.,28.570485,-96.829375,mapbox
20010,CLOSED,FINAL,5/12/2003,BP CHEMICALS INC,INEOS GREEN LAKE PLANT,CALHOUN,EMISSIONS EVENT,4/28/2003 12:35,4/28/2003 14:38,AOGIB No. 2,H-4B,Hydrogen cyanide,2.11,POUNDS,9.46,LBS/HR,TCEQ Permit Authorization No. 6289/PSD-TX-76M7.,28.570485,-96.829375,mapbox
20021,CLOSED,FINAL,5/12/2003,BP CHEMICALS INC,INEOS GREEN LAKE PLANT,CALHOUN,EMISSIONS EVENT,4/28/2003 12:35,4/28/2003 14:27,AOGIB No. 3,H-4C,Hydrogen cyanide,20.38,POUNDS,2.49,LBS/HR,TCEQ Permit Authorization No. 6289/PSD-TX-76M7.,28.570485,-96.829375,mapbox
21395,CLOSED,FINAL,6/9/2003,EIDP INC,DOW CHEMICAL SABINE RIVER OPERATIONS,ORANGE,AIR SHUTDOWN,6/1/2003 18:00,6/2/2003 6:00,Operating Flare,PP-3,Hydrogen cyanide,317.1,POUNDS,24,LBS/HR,"Permit 1302, Spec Cond #6, 30 TAC 116.110(a), THSC 382.085(b)",30.05703471,-93.7577447,census
22301,CLOSED,FINAL,6/18/2003,EXXON MOBIL CORPORATION,EXXONMOBIL CHEMICAL BAYTOWN CHEMICAL PLANT,HARRIS,EMISSIONS EVENT,6/4/2003 9:12,6/4/2003 12:12,Syngas Unit,FS28,Hydrogen cyanide,1.4,POUNDS,0,,Air Permit # 36476,29.735007,-95.022704,mapbox
22452,CLOSED,FINAL,7/30/2003,EXXONMOBIL OIL CORPORATION,EXXONMOBIL BAYTOWN REFINERY,HARRIS,EMISSIONS EVENT,6/4/2003 9:00,6/9/2003 17:00,FCCU3 Wet Gas Scrubber Bypass Stack,FCCU3WGSBS,Hydrogen cyanide,1,POUNDS,0,,Permit # 18287 & PSD-TX-730 (Refinery)  #9163 & PSD-TX-474M5 (SCU2),29.756373,-94.991395,mapbox
23472,CLOSED,FINAL,7/7/2003,INEOS ACETYLS CHEMICALS TEXAS CITY INC,INEOS ACETYLS CHEMICALS TEXAS CITY,GALVESTON,EMISSIONS EVENT,6/30/2003 4:00,6/30/2003 4:08,WOB-A,51H2-1,Hydrogen cyanide,180,POUNDS,1.24,LBS/HR,NSR  1272A,29.38260851,-94.89337017,census
23840,CLOSED,FINAL,7/21/2003,ROHM AND HAAS TEXAS INCORPORATED,ROHM AND HAAS TEXAS DEER PARK PLANT,HARRIS,EMISSIONS EVENT,7/5/2003 12:47,7/5/2003 13:56,N-3 / 7 Flare,N-6,Hydrogen cyanide,80.18,POUNDS,0,,No specific emissions authorizations for this facility,29.732399,-95.104035,mapbox
25318,CLOSED,FINAL,8/15/2003,EIDP INC,CHEMOURS BEAUMONT ANILINE FACILITY,JEFFERSON,EMISSIONS EVENT,8/3/2003 17:25,8/3/2003 20:46,Absorber Column Vent,ACR-VNT51,Hydrogen cyanide,10,POUNDS,1,LBS/HR,Permit No. 1743,30.00712,-94.02963,mapbox
25749,CLOSED,FINAL,9/11/2003,EXXON MOBIL CORPORATION,EXXONMOBIL CHEMICAL BAYTOWN CHEMICAL PLANT,HARRIS,EMISSIONS EVENT,8/11/2003 15:52,8/11/2003 16:12,Flare 28,FS28,Hydrogen cyanide,0.2,POUNDS,0,,Not specifically authorized,29.735007,-95.022704,mapbox
26916,CLOSED,INITIAL,9/5/2003,ORION ENGINEERED CARBONS LLC,NILOK CHEMICALS ARANSAS PASS CARBON BLACK PLANT,ARANSAS,EMISSIONS EVENT,8/26/2003 23:05,8/26/2003 23:35,U2 Flare Stack,98-2F,Hydrogen cyanide,24,POUNDS,0,,8585,27.92554,-97.156815,mapbox
27781,CLOSED,FINAL,10/1/2003,EXXON MOBIL CORPORATION,EXXONMOBIL CHEMICAL BAYTOWN CHEMICAL PLANT,HARRIS,EMISSIONS EVENT,9/14/2003 9:48,9/14/2003 10:10,Flare Stack 28,FS28,Hydrogen cyanide,0.13,POUNDS,0,,Not specifically authorized,29.735007,-95.022704,mapbox
28675,CLOSED,FINAL,10/15/2003,SOLUTIA INC,ASCEND PERFORMANCE MATERIALS CHOCOLATE BAYOU PLANT,BRAZORIA,EMISSIONS EVENT,10/4/2003 1:00,10/4/2003 1:50,31D2,31D2,Hydrogen cyanide,13.1,POUNDS,1.26,LBS/HR,NSR Permit 18251,29.18161,-95.4993375,county_centroid
28679,CLOSED,FINAL,10/15/2003,SOLUTIA INC,ASCEND PERFORMANCE MATERIALS CHOCOLATE BAYOU PLANT,BRAZORIA,EMISSIONS EVENT,10/6/2003 11:42,10/6/2003 12:18,31D2,31D2,Hydrogen cyanide,18.7,POUNDS,0,,NSR Permit 18251,29.18161,-95.4993375,county_centroid
30280,CLOSED,FINAL,11/13/2003,BP CHEMICALS INC,INEOS GREEN LAKE PLANT,CALHOUN,EMISSIONS EVENT,11/6/2003 3:00,11/6/2003 8:30,Waste Drain,FG-ACH-1,Hydrogen cyanide,4,POUNDS,10,POUNDS,30 TAC 101,28.570485,-96.829375,mapbox
31229,CLOSED,FINAL,12/8/2003,EIDP INC,DOW CHEMICAL SABINE RIVER OPERATIONS,ORANGE,AIR SHUTDOWN,11/28/2003 18:47,11/29/2003 13:47,Operating Flare,PH-3,Hydrogen cyanide,317,POUNDS,0,,30TAC116.110a&THSC382.085b,30.05703471,-93.7577447,census
31631,CLOSED,FINAL,12/16/2003,EIDP INC,CHEMOURS BEAUMONT ANILINE FACILITY,JEFFERSON,EMISSIONS EVENT,12/4/2003 19:06,12/5/2003 2:14,Absorber Vent,ACR-VNT51,Hydrogen cyanide,21.4,POUNDS,1,LBS/HR,1743,30.00712,-94.02963,mapbox
32061,CLOSED,FINAL,12/23/2003,SOLUTIA INC,ASCEND PERFORMANCE MATERIALS CHOCOLATE BAYOU PLANT,BRAZORIA,EMISSIONS EVENT,12/15/2003 8:05,12/15/2003 10:42,31D2,31D2,Hydrogen cyanide,82,POUNDS,1.26,LBS/HR,Permit #18251,29.18161,-95.4993375,county_centroid
51906,CLOSED,FINAL,1/20/2005,SOLUTIA INC,ASCEND PERFORMANCE MATERIALS CHOCOLATE BAYOU PLANT,BRAZORIA,EMISSIONS EVENT,1/2/2004 18:31,1/2/2004 21:55,AN Process Flare,70Z522,Hydrogen cyanide,13.16,POUNDS,6.66,POUNDS,38336,29.18161,-95.4993375,county_centroid
33192,CLOSED,FINAL,1/21/2004,SOLUTIA INC,ASCEND PERFORMANCE MATERIALS CHOCOLATE BAYOU PLANT,BRAZORIA,EMISSIONS EVENT,1/11/2004 18:40,1/11/2004 19:16,30D2,30D2,Hydrogen cyanide,15,POUNDS,1.26,LBS/HR,Permit #18251,29.18161,-95.4993375,county_centroid
33194,CLOSED,FINAL,1/21/2004,SOLUTIA INC,ASCEND PERFORMANCE MATERIALS CHOCOLATE BAYOU PLANT,BRAZORIA,EMISSIONS EVENT,1/11/2004 18:41,1/11/2004 19:17,31D2,31D2,Hydrogen cyanide,9.4,POUNDS,1.26,LBS/HR,Permit #18251,29.18161,-95.4993375,county_centroid
33727,CLOSED,FINAL,2/21/2004,EXXONMOBIL OIL CORPORATION,EXXONMOBIL BAYTOWN REFINERY,HARRIS,AIR SHUTDOWN,2/5/2004 4:05,2/6/2004 7:53,Wet Gas Scrubber Bypass,NO EPN,Hydrogen cyanide,50,POUNDS,0,,Not specifically authorized,29.756373,-94.991395,mapbox
34632,CLOSED,FINAL,2/23/2004,INEOS US CHEMICALS COMPANY,INEOS GREEN LAKE PLANT,CALHOUN,EMISSIONS EVENT,2/10/2004 16:25,2/10/2004 17:10,Aceto-Fug,,Hydrogen cyanide,3,POUNDS,10,POUNDS,30 TAC 101,28.570485,-96.829375,mapbox
35150,CLOSED,FINAL,2/23/2004,EIDP INC,INV NYLON CHEMICALS AMERICAS VICTORIA SITE,VICTORIA,EMISSIONS EVENT,2/18/2004 10:08,2/18/2004 14:24,WASTE ORGANICS (WO) TANK EM. VENT,WO TANK EM.VENT,Hydrogen cyanide,0.58,POUNDS,0,,7186,28.68846258,-96.94182773,census
36170,CLOSED,FINAL,3/16/2004,SOLUTIA INC,ASCEND PERFORMANCE MATERIALS CHOCOLATE BAYOU PLANT,BRAZORIA,EMISSIONS EVENT,3/9/2004 18:15,3/9/2004 21:00,Acrylonitrile unit 2 flare,30Z8,Cyanide,87.84,POUNDS,0.48,LBS/HR,18251,29.18161,-95.4993375,county_centroid
36173,CLOSED,FINAL,3/24/2004,EIDP INC,DOW CHEMICAL SABINE RIVER OPERATIONS,ORANGE,EMISSIONS EVENT,3/9/2004 16:30,3/9/2004 18:53,Operating Flare,PH-3,Hydrogen cyanide,6.1,POUNDS,31.9,LBS/HR,Permit 1302 MAERT,30.05703471,-93.7577447,census
33732,CLOSED,FINAL,3/30/2004,EXXONMOBIL OIL CORPORATION,EXXONMOBIL BAYTOWN REFINERY,HARRIS,AIR STARTUP,3/13/2004 8:00,3/16/2004 2:40,Wet Gas Scrubber Bypass,NO EPN,Hydrogen cyanide,514,POUNDS,0,,Not specifically authorized,29.756373,-94.991395,mapbox
36744,CLOSED,FINAL,3/31/2004,EXXONMOBIL OIL CORPORATION,EXXONMOBIL BAYTOWN REFINERY,HARRIS,EMISSIONS EVENT,3/22/2004 6:08,3/22/2004 7:12,Wet Gas Scrubber Bypass,NO FIN,Hydrogen cyanide,39,POUNDS,0,,NOT SPECIFICALLY AUTHORIZED,29.756373,-94.991395,mapbox
36780,CLOSED,FINAL,4/2/2004,EXXONMOBIL OIL CORPORATION,EXXONMOBIL BAYTOWN REFINERY,HARRIS,EMISSIONS EVENT,3/22/2004 21:50,3/23/2004 2:53,FCCU3 wet gas scrubber by-pass,(NO EPN),Hydrogen cyanide,148,POUNDS,0,,Not specifically authorized,29.756373,-94.991395,mapbox
37683,CLOSED,FINAL,4/16/2004,SOLUTIA INC,ASCEND PERFORMANCE MATERIALS CHOCOLATE BAYOU PLANT,BRAZORIA,EMISSIONS EVENT,4/6/2004 14:59,4/6/2004 17:05,30D2 Vent,30D2,Cyanide,29.9,POUNDS,1.26,LBS/HR,Permit #18251,29.18161,-95.4993375,county_centroid
36969,CLOSED,FINAL,4/16/2004,EIDP INC,CHEMOURS BEAUMONT ANILINE FACILITY,JEFFERSON,AIR STARTUP,4/7/2004 2:31,4/7/2004 3:47,ABSORBER VENT,ACR-VNT51,Hydrogen cyanide,0.4,POUNDS,0,,1743,30.00712,-94.02963,mapbox
37725,CLOSED,FINAL,4/19/2004,EIDP INC,DOW CHEMICAL SABINE RIVER OPERATIONS,ORANGE,EMISSIONS EVENT,4/8/2004 16:15,4/8/2004 18:15,Operating Flare,PH-3,Hydrogen cyanide,355,POUNDS,31.9,LBS/HR,Permit #1302,30.05703471,-93.7577447,census
40588,CLOSED,FINAL,6/14/2004,SOLUTIA INC,ASCEND PERFORMANCE MATERIALS CHOCOLATE BAYOU PLANT,BRAZORIA,EMISSIONS EVENT,6/1/2004 22:00,6/3/2004 17:25,30R1-6 vent valve,,Hydrogen cyanide,31,POUNDS,0,,No Specific emissions authorized,29.18161,-95.4993375,county_centroid
41297,CLOSED,FINAL,6/29/2004,SOLUTIA INC,ASCEND PERFORMANCE MATERIALS CHOCOLATE BAYOU PLANT,BRAZORIA,EMISSIONS EVENT,6/16/2004 7:07,6/16/2004 8:13,Department 30 Flare,30Z8,Hydrogen cyanide,29,POUNDS,0.48,LBS/HR,18251,29.18161,-95.4993375,county_centroid
41382,CLOSED,FINAL,6/28/2004,EIDP INC,CHEMOURS BEAUMONT ANILINE FACILITY,JEFFERSON,EMISSIONS EVENT,6/16/2004 14:51,6/16/2004 19:19,Absorber Vent,ACR-VNT51,Hydrogen cyanide,4.4,POUNDS,0,,1743,30.00712,-94.02963,mapbox
41492,CLOSED,FINAL,7/7/2004,EXXONMOBIL OIL CORPORATION,EXXONMOBIL BAYTOWN REFINERY,HARRIS,AIR STARTUP,6/23/2004 1:27,6/23/2004 10:32,Wet Gas Scrubber Bypass,NONE,Hydrogen cyanide,265,POUNDS,0,,Not specifically authorized,29.756373,-94.991395,mapbox
41759,CLOSED,FINAL,7/6/2004,EIDP INC,CHEMOURS BEAUMONT ANILINE FACILITY,JEFFERSON,EMISSIONS EVENT,6/24/2004 13:19,6/24/2004 16:20,Absorber Vent,ACR/VNT51,Hydrogen cyanide,5.4,POUNDS,0,,1743,30.00712,-94.02963,mapbox
41798,CLOSED,FINAL,7/9/2004,EXXONMOBIL OIL CORPORATION,EXXONMOBIL BAYTOWN REFINERY,HARRIS,EMISSIONS EVENT,6/25/2004 2:11,6/28/2004 2:11,Wet Gas Scrubber Bypass,NO EPN,Hydrogen cyanide,184,POUNDS,0,,Not specifically authorized,29.756373,-94.991395,mapbox
41762,CLOSED,FINAL,6/28/2004,EIDP INC,CHEMOURS BEAUMONT ANILINE FACILITY,JEFFERSON,AIR STARTUP,6/26/2004 6:31,6/26/2004 6:57,Absorber Vent,ACR-VNT51,Hydrogen cyanide,0.1,POUNDS,0,,1743,30.00712,-94.02963,mapbox
42113,CLOSED,FINAL,7/15/2004,ROHM AND HAAS TEXAS INCORPORATED,ROHM AND HAAS TEXAS DEER PARK PLANT,HARRIS,EMISSIONS EVENT,7/2/2004 12:30,7/2/2004 12:33,N-3/7 Flare,N-6,Hydrogen cyanide,158.2,POUNDS,32.89,LBS/HR,#723,29.732399,-95.104035,mapbox
43316,CLOSED,FINAL,7/29/2004,SOLUTIA INC,ASCEND PERFORMANCE MATERIALS CHOCOLATE BAYOU PLANT,BRAZORIA,EMISSIONS EVENT,7/21/2004 20:20,7/21/2004 21:12,Absorber Overhead Vent,30D2,Hydrogen cyanide,24.7,POUNDS,0,,'No specific emissions authorizations for this facility',29.18161,-95.4993375,county_centroid
43528,CLOSED,FINAL,8/9/2004,EIDP INC,CHEMOURS BEAUMONT ANILINE FACILITY,JEFFERSON,EMISSIONS EVENT,7/28/2004 10:22,7/28/2004 11:39,Absorber Vent,ACR-VNT51,Hydrogen cyanide,2.4,POUNDS,0,,1743,30.00712,-94.02963,mapbox
44317,CLOSED,FINAL,8/23/2004,EIDP INC,CHEMOURS BEAUMONT ANILINE FACILITY,JEFFERSON,EMISSIONS EVENT,8/10/2004 20:48,8/10/2004 22:47,Absorber Vent,ACR-VNT51,Hydrogen cyanide,3.5,POUNDS,0,,1743,30.00712,-94.02963,mapbox
45511,CLOSED,FINAL,9/2/2004,SOLUTIA INC,ASCEND PERFORMANCE MATERIALS CHOCOLATE BAYOU PLANT,BRAZORIA,EMISSIONS EVENT,8/16/2004 6:30,8/16/2004 8:30,70T125-1 CONSERVATION VENT,70T125-1 CV,Hydrogen cyanide,37,POUNDS,0,,'No specific emissions authorizations for this facility',29.18161,-95.4993375,county_centroid
45891,CLOSED,FINAL,9/23/2004,SOLUTIA INC,ASCEND PERFORMANCE MATERIALS CHOCOLATE BAYOU PLANT,BRAZORIA,EMISSIONS EVENT,9/8/2004 16:30,9/9/2004 17:50,AN7 Process Flare,70Z522,Hydrogen cyanide,30.6,POUNDS,49.6,POUNDS,38336,29.18161,-95.4993375,county_centroid
45850,CLOSED,FINAL,9/30/2004,SOLUTIA INC,ASCEND PERFORMANCE MATERIALS CHOCOLATE BAYOU PLANT,BRAZORIA,AIR SHUTDOWN,9/17/2004 9:25,9/19/2004 0:00,AN7 Process Flare,70Z522,Hydrogen cyanide,44.4,POUNDS,75.62,POUNDS,38336,29.18161,-95.4993375,county_centroid
47789,CLOSED,FINAL,10/22/2004,SOLUTIA INC,ASCEND PERFORMANCE MATERIALS CHOCOLATE BAYOU PLANT,BRAZORIA,EMISSIONS EVENT,10/14/2004 9:50,10/19/2004 20:38,AN7 Process Flare,70Z522,Hydrogen cyanide,45.78,POUNDS,256.37,POUNDS,38336,29.18161,-95.4993375,county_centroid
47836,CLOSED,FINAL,10/27/2004,EIDP INC,CHEMOURS BEAUMONT ANILINE FACILITY,JEFFERSON,EMISSIONS EVENT,10/14/2004 13:26,10/14/2004 13:28,Absorber Vent,ACR-VNT51,Hydrogen cyanide,28.1,POUNDS,0,,1743,30.00712,-94.02963,mapbox
47839,CLOSED,FINAL,10/28/2004,EIDP INC,CHEMOURS BEAUMONT ANILINE FACILITY,JEFFERSON,AIR STARTUP,10/16/2004 23:01,10/16/2004 23:21,Absorber Vent,ACR-VNT51,Hydrogen cyanide,0.1,POUNDS,0,,1743,30.00712,-94.02963,mapbox
47951,CLOSED,FINAL,10/29/2004,EIDP INC,CHEMOURS BEAUMONT ANILINE FACILITY,JEFFERSON,EMISSIONS EVENT,10/17/2004 0:30,10/17/2004 7:45,VALVE BONNET,,Hydrogen cyanide,19,POUNDS,0,,1743,30.00712,-94.02963,mapbox
48009,CLOSED,FINAL,11/1/2004,EXXON MOBIL REFINING AND SUPPLY COMPANY,EXXONMOBIL BAYTOWN REFINERY,HARRIS,EMISSIONS EVENT,10/18/2004 15:36,10/18/2004 16:55,Wet Gas Scrubber,None,Hydrogen cyanide,5,POUNDS,0,,Not Specifically Authorized,29.756373,-94.991395,mapbox
51923,CLOSED,FINAL,1/20/2005,SOLUTIA INC,ASCEND PERFORMANCE MATERIALS CHOCOLATE BAYOU PLANT,BRAZORIA,EMISSIONS EVENT,10/19/2004 16:50,10/19/2004 21:15,AN Process Flare,70Z522,Hydrogen cyanide,11.59,POUNDS,8.66,POUNDS,38336,29.18161,-95.4993375,county_centroid
48407,CLOSED,FINAL,11/5/2004,EXXONMOBIL OIL CORPORATION,EXXONMOBIL BAYTOWN REFINERY,HARRIS,EMISSIONS EVENT,10/25/2004 10:05,10/25/2004 11:25,Wet Gas Scrubber,None,Hydrogen cyanide,5,POUNDS,0,,not specifically authorized,29.756373,-94.991395,mapbox
48703,CLOSED,FINAL,11/5/2004,SOLUTIA INC,ASCEND PERFORMANCE MATERIALS CHOCOLATE BAYOU PLANT,BRAZORIA,EMISSIONS EVENT,11/1/2004 1:10,11/1/2004 9:10,30D2,30D2,Hydrogen cyanide,233,POUNDS,0,,'No specific emissions authorizations for this facility',29.18161,-95.4993375,county_centroid
48703,CLOSED,FINAL,11/5/2004,SOLUTIA INC,ASCEND PERFORMANCE MATERIALS CHOCOLATE BAYOU PLANT,BRAZORIA,EMISSIONS EVENT,11/1/2004 1:10,11/1/2004 9:10,31D2,31D2,Hydrogen cyanide,13,POUNDS,0,,'No specific emissions authorizations for this facility',29.18161,-95.4993375,county_centroid
48703,CLOSED,FINAL,11/5/2004,SOLUTIA INC,ASCEND PERFORMANCE MATERIALS CHOCOLATE BAYOU PLANT,BRAZORIA,EMISSIONS EVENT,11/1/2004 1:10,11/1/2004 9:10,Crude AN Tanks Scrubber,320S322-1/2,Hydrogen cyanide,40,POUNDS,1.05,LBS/HR,NSR38998,29.18161,-95.4993375,county_centroid
49460,CLOSED,FINAL,11/30/2004,SOLUTIA INC,ASCEND PERFORMANCE MATERIALS CHOCOLATE BAYOU PLANT,BRAZORIA,EMISSIONS EVENT,11/16/2004 8:55,11/16/2004 9:44,Absorber Overhead Vent,30D2,Hydrogen cyanide,20.7,POUNDS,0,,'No specific emissions authorizations for this facility',29.18161,-95.4993375,county_centroid
49535,CLOSED,FINAL,11/23/2004,INEOS US CHEMICALS COMPANY,INEOS GREEN LAKE PLANT,CALHOUN,EMISSIONS EVENT,11/17/2004 0:24,11/17/2004 0:38,AOGI3,H-4C,Hydrogen cyanide,0.712,POUNDS,0,,Permit No. 6289,28.570485,-96.829375,mapbox
50402,CLOSED,FINAL,12/17/2004,EXXONMOBIL OIL CORPORATION,EXXONMOBIL BAYTOWN REFINERY,HARRIS,EMISSIONS EVENT,12/5/2004 13:02,12/5/2004 15:18,Wet Gas Scrubber,None,Hydrogen cyanide,6,POUNDS,0,,Not Specifically Authorized,29.756373,-94.991395,mapbox
50745,CLOSED,FINAL,12/21/2004,SOLUTIA INC,ASCEND PERFORMANCE MATERIALS CHOCOLATE BAYOU PLANT,BRAZORIA,EMISSIONS EVENT,12/11/2004 19:15,12/12/2004 10:00,AN Process Flare,70Z522,Hydrogen cyanide,20.8,POUNDS,28.91,POUNDS,38336,29.18161,-95.4993375,county_centroid
51493,CLOSED,FINAL,1/10/2005,EIDP INC,CHEMOURS BEAUMONT ANILINE FACILITY,JEFFERSON,EMISSIONS EVENT,12/27/2004 18:15,12/27/2004 19:14,Absorber vent,ACR-VNT51,Hydrogen cyanide,1.8,POUNDS,0,,1743,30.00712,-94.02963,mapbox
52377,CLOSED,FINAL,1/26/2005,EXXON MOBIL REFINING AND SUPPLY COMPANY,EXXONMOBIL BAYTOWN REFINERY,HARRIS,EMISSIONS EVENT,1/15/2005 7:57,1/15/2005 18:00,Wet Gas Scrubber Bypass,NO EPN,Hydrogen cyanide,742,POUNDS,0,,NOT SPECIFICALLY AUTHORIZED,29.756373,-94.991395,mapbox
52427,CLOSED,FINAL,1/31/2005,EXXON MOBIL REFINING AND SUPPLY COMPANY,EXXONMOBIL BAYTOWN REFINERY,HARRIS,EMISSIONS EVENT,1/17/2005 13:57,1/17/2005 23:00,Wet Gas Scrubber Bypass,NO EPN,Hydrogen cyanide,637,POUNDS,0,,Not specifically authorized,29.756373,-94.991395,mapbox
53086,CLOSED,FINAL,2/11/2005,EIDP INC,CHEMOURS BEAUMONT ANILINE FACILITY,JEFFERSON,EMISSIONS EVENT,1/30/2005 8:04,1/30/2005 8:18,Absorber Vent,ACR-VNT51,Hydrogen cyanide,0.4,POUNDS,0,,1743,30.00712,-94.02963,mapbox
53195,CLOSED,FINAL,2/11/2005,EIDP INC,CHEMOURS BEAUMONT ANILINE FACILITY,JEFFERSON,EMISSIONS EVENT,1/31/2005 7:24,1/31/2005 7:34,Absorber vent,ACR-VNT51,Hydrogen cyanide,0.3,POUNDS,0,,1743,30.00712,-94.02963,mapbox
54853,CLOSED,FINAL,6/11/2005,INV PERFORMANCE SURFACES LLC,INV NYLON CHEMICALS AMERICAS ORANGE SITE,ORANGE,MAINTENANCE,3/14/2005 0:01,5/29/2005 6:01,ADN MAINTENANCE EMISSIONS,PAUM,Hydrogen cyanide,10,POUNDS,0,,30 TAC 101.211,30.05703471,-93.7577447,census
54826,CLOSED,FINAL,3/18/2005,INEOS US CHEMICALS COMPANY,INEOS GREEN LAKE PLANT,CALHOUN,MAINTENANCE,3/16/2005 9:40,3/16/2005 9:47,Acrylo Fugtives,ANIII Fug,Hydrogen cyanide,0.5,POUNDS,1.47,LBS/HR,#6289 or PBR 106.263,28.570485,-96.829375,mapbox
55732,CLOSED,FINAL,4/1/2005,EIDP INC,CHEMOURS BEAUMONT ANILINE FACILITY,JEFFERSON,EMISSIONS EVENT,3/20/2005 0:13,3/20/2005 1:45,Absorber Vent,ACR-VNT51,Hydrogen cyanide,1,POUNDS,0,,1743,30.00712,-94.02963,mapbox
55761,CLOSED,FINAL,3/30/2005,SOLUTIA INC,ASCEND PERFORMANCE MATERIALS CHOCOLATE BAYOU PLANT,BRAZORIA,EMISSIONS EVENT,3/24/2005 21:47,3/25/2005 11:47,AN7 Process Flare,70Z522,Hydrogen cyanide,4.85,POUNDS,49.6,POUNDS,38336,29.18161,-95.4993375,county_centroid
55935,CLOSED,FINAL,4/12/2005,EXXON MOBIL REFINING AND SUPPLY COMPANY,EXXONMOBIL BAYTOWN REFINERY,HARRIS,EMISSIONS EVENT,3/29/2005 12:26,3/29/2005 15:00,Wet Gas Scrubber,FCCU-3,Hydrogen cyanide,47,POUNDS,0,,Not specifically authorized,29.756373,-94.991395,mapbox
57018,CLOSED,INITIAL,4/19/2005,CABOT CORPORATION,CABOT PAMPA PLANT,GRAY,EMISSIONS EVENT,4/18/2005 7:00,4/18/2005 7:15,Unit 4 Flare,EPN-92,Hydrogen cyanide,0.045,POUNDS,0.3,LBS/HR,Permit 40088 PSD-TX-934,35.3711816,-100.7892236,county_centroid
57473,CLOSED,FINAL,5/5/2005,EXXON MOBIL REFINING AND SUPPLY COMPANY,EXXONMOBIL BAYTOWN REFINERY,HARRIS,EMISSIONS EVENT,4/27/2005 19:56,4/27/2005 20:52,Wet Gas Scrubber,No EPN,Hydrogen cyanide,22,POUNDS,0,,Not Specifically Authorized,29.756373,-94.991395,mapbox
57773,CLOSED,FINAL,5/18/2005,ROHM AND HAAS TEXAS INCORPORATED,ROHM AND HAAS TEXAS DEER PARK PLANT,HARRIS,EMISSIONS EVENT,5/4/2005 12:35,5/6/2005 15:48,Vacumm Jet Exhaust,N-UP,Hydrogen cyanide,81.355,POUNDS,0,,Permit # 723,29.732399,-95.104035,mapbox
58046,CLOSED,FINAL,5/24/2005,SOLUTIA INC,ASCEND PERFORMANCE MATERIALS CHOCOLATE BAYOU PLANT,BRAZORIA,AIR SHUTDOWN,5/10/2005 14:22,5/10/2005 22:52,Process Flare,70Z522,Hydrogen cyanide,8.8,POUNDS,16.7,POUNDS,38336,29.18161,-95.4993375,county_centroid
58046,CLOSED,FINAL,5/24/2005,SOLUTIA INC,ASCEND PERFORMANCE MATERIALS CHOCOLATE BAYOU PLANT,BRAZORIA,AIR SHUTDOWN,5/10/2005 14:22,5/10/2005 22:52,Waste Heat Boiler,70H401,Hydrogen cyanide,7.49,POUNDS,17,POUNDS,38336,29.18161,-95.4993375,county_centroid
58118,CLOSED,FINAL,5/25/2005,EXXON MOBIL REFINING AND SUPPLY COMPANY,EXXONMOBIL BAYTOWN REFINERY,HARRIS,EMISSIONS EVENT,5/11/2005 11:05,5/11/2005 15:18,Flare Stack 14,FS14,Hydrogen cyanide,7,POUNDS,15.68,POUNDS,Not Specifically Authorized,29.756373,-94.991395,mapbox
59191,CLOSED,FINAL,6/16/2005,EXXON MOBIL REFINING AND SUPPLY COMPANY,EXXONMOBIL BAYTOWN REFINERY,HARRIS,EMISSIONS EVENT,6/2/2005 17:55,6/2/2005 22:45,Wet Gas Scrubber Bypass,None,Hydrogen cyanide,163,POUNDS,0,,NOT SPECIFICALLY AUTHORIZED,29.756373,-94.991395,mapbox
59253,CLOSED,FINAL,6/16/2005,EXXON MOBIL REFINING AND SUPPLY COMPANY,EXXONMOBIL BAYTOWN REFINERY,HARRIS,EMISSIONS EVENT,6/5/2005 9:19,6/5/2005 9:57,Wet Gas Scrubber,FCCU3WGS,Hydrogen cyanide,15,POUNDS,0,,NOT SPECIFICALLY AUTHORIZED,29.756373,-94.991395,mapbox
59695,CLOSED,FINAL,6/28/2005,SOLUTIA INC,ASCEND PERFORMANCE MATERIALS CHOCOLATE BAYOU PLANT,BRAZORIA,EMISSIONS EVENT,6/15/2005 9:37,6/15/2005 9:58,Absorber Vent Stack,31D2,Hydrogen cyanide,11.3,POUNDS,0,,'No specific emissions authorizations for this facility',29.18161,-95.4993375,county_centroid
59786,CLOSED,FINAL,6/30/2005,EXXON MOBIL REFINING AND SUPPLY COMPANY,EXXONMOBIL BAYTOWN REFINERY,HARRIS,EMISSIONS EVENT,6/16/2005 10:09,6/16/2005 13:43,Wet Gas Scrubber,FCCU3WGS,Hydrogen cyanide,92,POUNDS,0,,NOT SPECIFICALLY AUTHORIZED,29.756373,-94.991395,mapbox
59896,CLOSED,FINAL,6/29/2005,SOLUTIA INC,ASCEND PERFORMANCE MATERIALS CHOCOLATE BAYOU PLANT,BRAZORIA,EMISSIONS EVENT,6/17/2005 14:36,6/17/2005 18:07,AN7 Process Flare,70Z522,Hydrogen cyanide,144.99,POUNDS,6.86,POUNDS,38336,29.18161,-95.4993375,county_centroid
60037,CLOSED,FINAL,7/1/2005,INEOS USA LLC,INEOS GREEN LAKE PLANT,CALHOUN,MAINTENANCE,6/30/2005 9:00,6/30/2005 9:07,Acrylo Fugitives,ANIIIFUG,Hydrogen cyanide,8,POUNDS,1.47,LBS/HR,#6289 or PBR 106.263,28.570485,-96.829375,mapbox
60671,CLOSED,FINAL,7/12/2005,SOLUTIA INC,ASCEND PERFORMANCE MATERIALS CHOCOLATE BAYOU PLANT,BRAZORIA,EMISSIONS EVENT,7/1/2005 22:44,7/2/2005 0:12,AN Absorber,70D-203,Hydrogen cyanide,2.27,POUNDS,0,,Permit 38336,29.18161,-95.4993375,county_centroid
61119,CLOSED,FINAL,7/26/2005,SOLUTIA INC,ASCEND PERFORMANCE MATERIALS CHOCOLATE BAYOU PLANT,BRAZORIA,EMISSIONS EVENT,7/12/2005 22:02,7/12/2005 22:33,Absorber Overhead Vent,31D2,Hydrogen cyanide,16.5,POUNDS,0,,18251,29.18161,-95.4993375,county_centroid
61485,CLOSED,FINAL,7/22/2005,GB BIOSCIENCES LLC,GREEN BAYOU PLANT,HARRIS,EMISSIONS EVENT,7/14/2005 1:00,7/14/2005 3:30,Cold Stack,EPN GBP004,Hydrogen cyanide,2.67,POUNDS,0.05,LBS/HR,Permit 4893A,29.76132793,-95.1822415,census
61464,CLOSED,FINAL,7/26/2005,INEOS USA LLC,INEOS GREEN LAKE PLANT,CALHOUN,EMISSIONS EVENT,7/19/2005 12:34,7/19/2005 14:05,Process Flare,FL-G4,Hydrogen cyanide,6.66,POUNDS,10.5,LBS/HR,Permit 6289 and PSDTX-76M7,28.570485,-96.829375,mapbox
61661,CLOSED,FINAL,8/2/2005,EXXON MOBIL REFINING AND SUPPLY COMPANY,EXXONMOBIL BAYTOWN REFINERY,HARRIS,EMISSIONS EVENT,7/22/2005 22:10,7/23/2005 5:52,Wet Gas Scrubber,FCCU-3,Hydrogen cyanide,9,POUNDS,0,,Not Specifically Authorized,29.756373,-94.991395,mapbox
61653,CLOSED,FINAL,7/24/2005,GB BIOSCIENCES LLC,GREEN BAYOU PLANT,HARRIS,EMISSIONS EVENT,7/23/2005 2:35,7/23/2005 4:16,IPN Cold Stack,GBP004,Hydrogen cyanide,1.8,POUNDS,0.05,LBS/HR,4893A,29.76132793,-95.1822415,census
61722,CLOSED,FINAL,8/5/2005,EIDP INC,CHEMOURS BEAUMONT ANILINE FACILITY,JEFFERSON,EMISSIONS EVENT,7/24/2005 23:27,7/25/2005 1:59,Absorber Vent,ACR-VNT51,Hydrogen cyanide,4.2,POUNDS,0,,1743,30.00712,-94.02963,mapbox
61770,CLOSED,FINAL,8/9/2005,EIDP INC,CHEMOURS BEAUMONT ANILINE FACILITY,JEFFERSON,EMISSIONS EVENT,7/26/2005 15:26,7/26/2005 17:12,Absorber Vent,ACR-VNT51,Hydrogen cyanide,4.1,POUNDS,0,,1743,30.00712,-94.02963,mapbox
60038,CLOSED,FINAL,7/28/2005,INEOS USA LLC,INEOS GREEN LAKE PLANT,CALHOUN,MAINTENANCE,7/28/2005 9:10,7/28/2005 9:16,Acrylo Fugitives,ANIIIFUG,Hydrogen cyanide,1.6,POUNDS,1.47,LBS/HR,#6289 or PBR 106.263,28.570485,-96.829375,mapbox
63380,CLOSED,FINAL,8/30/2005,INEOS USA LLC,INEOS GREEN LAKE PLANT,CALHOUN,EMISSIONS EVENT,8/25/2005 9:00,8/25/2005 9:06,Acrylo Fugitives,AN III Fug,Hydrogen cyanide,7.7,POUNDS,1.47,LBS/HR,#6289 or PBR 106.263,28.570485,-96.829375,mapbox
64432,CLOSED,FINAL,9/27/2005,SOLUTIA INC,ASCEND PERFORMANCE MATERIALS CHOCOLATE BAYOU PLANT,BRAZORIA,EMISSIONS EVENT,9/12/2005 13:37,9/12/2005 14:27,AN2 Process Flare,30Z8,Hydrogen cyanide,26.51,POUNDS,0.48,LBS/HR,18251,29.18161,-95.4993375,county_centroid
64595,CLOSED,FINAL,9/27/2005,SOLUTIA INC,ASCEND PERFORMANCE MATERIALS CHOCOLATE BAYOU PLANT,BRAZORIA,EMISSIONS EVENT,9/15/2005 16:45,9/15/2005 19:45,Reactor effluent line flange,,Hydrogen cyanide,0.243,POUNDS,0,,no specific authorization,29.18161,-95.4993375,county_centroid
65102,CLOSED,FINAL,10/5/2005,EXXON MOBIL REFINING AND SUPPLY COMPANY,EXXONMOBIL BAYTOWN REFINERY,HARRIS,EMISSIONS EVENT,9/21/2005 14:45,9/22/2005 5:45,Wet Gas Scrubber Stack,FCCU3,Hydrogen cyanide,142,POUNDS,0,,Not specifically authorized,29.756373,-94.991395,mapbox
65674,CLOSED,INITIAL,10/3/2005,SOLUTIA INC,ASCEND PERFORMANCE MATERIALS CHOCOLATE BAYOU PLANT,BRAZORIA,AIR SHUTDOWN,9/21/2005 18:30,9/21/2005 19:30,Auxilary Flush Tank,70K514,Hydrogen cyanide,0.01,POUNDS,0.01,LBS/HR,38336,29.18161,-95.4993375,county_centroid
65674,CLOSED,INITIAL,10/3/2005,SOLUTIA INC,ASCEND PERFORMANCE MATERIALS CHOCOLATE BAYOU PLANT,BRAZORIA,AIR SHUTDOWN,9/21/2005 18:30,9/21/2005 19:30,Process Flare,70Z522,Hydrogen cyanide,0.05,POUNDS,1.96,LBS/HR,38336,29.18161,-95.4993375,county_centroid
65674,CLOSED,INITIAL,10/3/2005,SOLUTIA INC,ASCEND PERFORMANCE MATERIALS CHOCOLATE BAYOU PLANT,BRAZORIA,AIR SHUTDOWN,9/21/2005 18:30,9/21/2005 19:30,Process Flush Vent Scrubber,70K214,Hydrogen cyanide,11.67,POUNDS,0.01,LBS/HR,38336,29.18161,-95.4993375,county_centroid
65674,CLOSED,INITIAL,10/3/2005,SOLUTIA INC,ASCEND PERFORMANCE MATERIALS CHOCOLATE BAYOU PLANT,BRAZORIA,AIR SHUTDOWN,9/21/2005 18:30,9/21/2005 19:30,Purification Flush Tank Scrubber,70K314,Hydrogen cyanide,0.14,POUNDS,1.43,LBS/HR,38336,29.18161,-95.4993375,county_centroid
65674,CLOSED,INITIAL,10/3/2005,SOLUTIA INC,ASCEND PERFORMANCE MATERIALS CHOCOLATE BAYOU PLANT,BRAZORIA,AIR SHUTDOWN,9/21/2005 18:30,9/21/2005 19:30,Quencher Tank Scrubber,70K504,Hydrogen cyanide,0.2,POUNDS,0.24,LBS/HR,38336,29.18161,-95.4993375,county_centroid
65674,CLOSED,INITIAL,10/3/2005,SOLUTIA INC,ASCEND PERFORMANCE MATERIALS CHOCOLATE BAYOU PLANT,BRAZORIA,AIR SHUTDOWN,9/21/2005 18:30,9/21/2005 19:30,Recycle Water Tank Scrubber,70K515,Hydrogen cyanide,0.8,POUNDS,0.01,LBS/HR,38336,29.18161,-95.4993375,county_centroid
65674,CLOSED,INITIAL,10/3/2005,SOLUTIA INC,ASCEND PERFORMANCE MATERIALS CHOCOLATE BAYOU PLANT,BRAZORIA,AIR SHUTDOWN,9/21/2005 18:30,9/21/2005 19:30,Waste Heat Boiler,70Z401,Hydrogen cyanide,37.51,POUNDS,2,LBS/HR,38336,29.18161,-95.4993375,county_centroid
65259,CLOSED,FINAL,10/21/2005,EXXON MOBIL REFINING AND SUPPLY COMPANY,EXXONMOBIL BAYTOWN REFINERY,HARRIS,AIR STARTUP,9/25/2005 6:00,10/9/2005 10:00,FCCU3 Wet Gas Scrubber Bypass Stack,NONE,Hydrogen cyanide,428,POUNDS,0,,Not Specifically Authorized,29.756373,-94.991395,mapbox
65481,CLOSED,FINAL,10/12/2005,INV PERFORMANCE SURFACES LLC,INV NYLON CHEMICALS AMERICAS VICTORIA SITE,VICTORIA,AIR STARTUP,9/29/2005 2:57,9/30/2005 1:40,10prc,10FLR-005,Hydrogen cyanide,1000,POUNDS,10,POUNDS,7186,28.68846258,-96.94182773,census
65481,CLOSED,FINAL,10/12/2005,INV PERFORMANCE SURFACES LLC,INV NYLON CHEMICALS AMERICAS VICTORIA SITE,VICTORIA,AIR STARTUP,9/29/2005 2:57,9/30/2005 1:40,OP FLARE,10FLR-005,Hydrogen cyanide,780,POUNDS,116.7,POUNDS,7186,28.68846258,-96.94182773,census
66114,CLOSED,FINAL,10/21/2005,SOLUTIA INC,ASCEND PERFORMANCE MATERIALS CHOCOLATE BAYOU PLANT,BRAZORIA,EMISSIONS EVENT,10/9/2005 15:30,10/9/2005 16:02,AN3 Waste Heat Boiler,31H4,Hydrogen cyanide,925,POUNDS,1.26,LBS/HR,18251,29.18161,-95.4993375,county_centroid
66438,CLOSED,FINAL,10/28/2005,EXXON MOBIL REFINING AND SUPPLY COMPANY,EXXONMOBIL BAYTOWN REFINERY,HARRIS,EMISSIONS EVENT,10/14/2005 2:47,10/14/2005 20:21,Wet Gas Scrubber Bypass,No EPN,Hydrogen cyanide,900,POUNDS,0,,Not specifically authorized,29.756373,-94.991395,mapbox
66467,CLOSED,FINAL,10/27/2005,INV PERFORMANCE SURFACES LLC,INV NYLON CHEMICALS AMERICAS VICTORIA SITE,VICTORIA,EMISSIONS EVENT,10/16/2005 7:30,10/16/2005 9:00,#3 CONVERTER FLARE,10 FLR-003,Hydrogen cyanide,21.6,POUNDS,0,,7186,28.68846258,-96.94182773,census
68042,CLOSED,FINAL,11/22/2005,SOLUTIA INC,ASCEND PERFORMANCE MATERIALS CHOCOLATE BAYOU PLANT,BRAZORIA,EMISSIONS EVENT,11/12/2005 9:44,11/12/2005 11:09,AN3 Waste Heat Boiler,31H4,Hydrogen cyanide,39.7,POUNDS,1.26,LBS/HR,18251,29.18161,-95.4993375,county_centroid
70146,CLOSED,FINAL,1/9/2006,SOLUTIA INC,ASCEND PERFORMANCE MATERIALS CHOCOLATE BAYOU PLANT,BRAZORIA,EMISSIONS EVENT,1/7/2006 10:45,1/7/2006 13:45,31D2,31D2,Hydrogen cyanide,7.4,POUNDS,0,,AN3 NSR Permit,29.18161,-95.4993375,county_centroid
70980,CLOSED,FINAL,2/10/2006,LUCITE INTERNATIONAL INC,MCA BEAUMONT SITE,JEFFERSON,EMISSIONS EVENT,1/27/2006 17:36,1/27/2006 18:50,Absorber Vent,ACR-VNT51,Hydrogen cyanide,2.4,POUNDS,0,,1743,30.01071425,-94.03442144,census
73172,CLOSED,FINAL,3/24/2006,SOLUTIA INC,ASCEND PERFORMANCE MATERIALS CHOCOLATE BAYOU PLANT,BRAZORIA,EMISSIONS EVENT,3/17/2006 18:01,3/17/2006 18:16,AN 7 Process Flare,70Z522,Hydrogen cyanide,165.89,POUNDS,1.96,LBS/HR,38336,29.18161,-95.4993375,county_centroid
72630,CLOSED,FINAL,5/5/2006,INV PERFORMANCE SURFACES LLC,INV NYLON CHEMICALS AMERICAS VICTORIA SITE,VICTORIA,AIR SHUTDOWN,3/18/2006 0:01,4/22/2006 12:01,ADN OPERATING FLARE,10FLR005,Hydrogen cyanide,3705.12,POUNDS,0,,TCEQ PERMIT AUTHORIZATION 7186,28.68846258,-96.94182773,census
72630,CLOSED,FINAL,5/5/2006,INV PERFORMANCE SURFACES LLC,INV NYLON CHEMICALS AMERICAS VICTORIA SITE,VICTORIA,AIR SHUTDOWN,3/18/2006 0:01,4/22/2006 12:01,ADN OPERATING FLARE,10FLR005,Sodium cyanide (Na(CN)),5.8,POUNDS,0,,TCEQ PERMIT AUTHORIZATION 7186,28.68846258,-96.94182773,census
72630,CLOSED,FINAL,5/5/2006,INV PERFORMANCE SURFACES LLC,INV NYLON CHEMICALS AMERICAS VICTORIA SITE,VICTORIA,AIR SHUTDOWN,3/18/2006 0:01,4/22/2006 12:01,CLEARUP TO ATMOSPHERE,,Hydrogen cyanide,5.18,POUNDS,0,,TCEQ PERMIT AUTHORIZATION 7186,28.68846258,-96.94182773,census
72630,CLOSED,FINAL,5/5/2006,INV PERFORMANCE SURFACES LLC,INV NYLON CHEMICALS AMERICAS VICTORIA SITE,VICTORIA,AIR SHUTDOWN,3/18/2006 0:01,4/22/2006 12:01,HCN AMMONIA FLARE,10FLR004,Hydrogen cyanide,0.19,POUNDS,0,,TCEQ PERMIT AUTHORIZATION 7186,28.68846258,-96.94182773,census
72630,CLOSED,FINAL,5/5/2006,INV PERFORMANCE SURFACES LLC,INV NYLON CHEMICALS AMERICAS VICTORIA SITE,VICTORIA,AIR SHUTDOWN,3/18/2006 0:01,4/22/2006 12:01,HCN STARTUP FLARE #1,10FLR001,Hydrogen cyanide,82,POUNDS,0,,TCEQ PERMIT AUTHORIZATION 7186,28.68846258,-96.94182773,census
72630,CLOSED,FINAL,5/5/2006,INV PERFORMANCE SURFACES LLC,INV NYLON CHEMICALS AMERICAS VICTORIA SITE,VICTORIA,AIR SHUTDOWN,3/18/2006 0:01,4/22/2006 12:01,HCN STARTUP FLARE #2,10FLR002,Hydrogen cyanide,82,POUNDS,0,,TCEQ PERMIT AUTHORIZATION 7186,28.68846258,-96.94182773,census
72630,CLOSED,FINAL,5/5/2006,INV PERFORMANCE SURFACES LLC,INV NYLON CHEMICALS AMERICAS VICTORIA SITE,VICTORIA,AIR SHUTDOWN,3/18/2006 0:01,4/22/2006 12:01,HCN STARTUP FLARE #3,10FLR003,Hydrogen cyanide,82,POUNDS,0,,TCEQ PERMIT AUTHORIZATION 7186,28.68846258,-96.94182773,census
73195,CLOSED,FINAL,3/31/2006,ORION ENGINEERED CARBONS LLC,ORANGE CARBON BLACK PLANT,ORANGE,EMISSIONS EVENT,3/18/2006 17:42,3/18/2006 17:58,Vent Stack,1,Hydrogen cyanide,27.96,POUNDS,0,,9403B,30.1724198,-93.8101692,zip_centroid
74700,CLOSED,FINAL,5/3/2006,SOLUTIA INC,ASCEND PERFORMANCE MATERIALS CHOCOLATE BAYOU PLANT,BRAZORIA,EMISSIONS EVENT,4/19/2006 20:00,4/19/2006 22:05,30H5,30H5,Hydrogen cyanide,716,POUNDS,1.26,LBS/HR,18251,29.18161,-95.4993375,county_centroid
74700,CLOSED,FINAL,5/3/2006,SOLUTIA INC,ASCEND PERFORMANCE MATERIALS CHOCOLATE BAYOU PLANT,BRAZORIA,EMISSIONS EVENT,4/19/2006 20:00,4/19/2006 22:05,70Z522,70Z522,Hydrogen cyanide,39.1,POUNDS,1.96,LBS/HR,38336,29.18161,-95.4993375,county_centroid
74700,CLOSED,FINAL,5/3/2006,SOLUTIA INC,ASCEND PERFORMANCE MATERIALS CHOCOLATE BAYOU PLANT,BRAZORIA,EMISSIONS EVENT,4/19/2006 20:00,4/19/2006 22:05,AN 3 Waste Heat Boiler,31H4,Hydrogen cyanide,0.5,POUNDS,1.26,LBS/HR,18251,29.18161,-95.4993375,county_centroid
75046,CLOSED,FINAL,6/16/2006,LUCITE INTERNATIONAL INC,MCA BEAUMONT SITE,JEFFERSON,MAINTENANCE,4/28/2006 6:16,6/3/2006 8:15,Vapor Combustor,ACR-VC51,Hydrogen cyanide,1431.53,POUNDS,0,,1743,30.01071425,-94.03442144,census
75925,CLOSED,FINAL,6/9/2006,ZOLTEK CORPORATION,ZOLTEK,TAYLOR,EMISSIONS EVENT,5/13/2006 11:48,5/13/2006 15:00,Carbonization Thermal Oxidizer,EP-32,Hydrogen cyanide,111,POUNDS,1e-05,LBS/HR,Permit #35215,32.46479381,-99.82095533,census
76621,CLOSED,FINAL,6/16/2006,INV PERFORMANCE SURFACES LLC,INV NYLON CHEMICALS AMERICAS VICTORIA SITE,VICTORIA,AIR STARTUP,6/4/2006 15:30,6/5/2006 6:26,ADN Operating Flare,10FLR-005,Hydrogen cyanide,3302.94,POUNDS,0,,7186,28.68846258,-96.94182773,census
76621,CLOSED,FINAL,6/16/2006,INV PERFORMANCE SURFACES LLC,INV NYLON CHEMICALS AMERICAS VICTORIA SITE,VICTORIA,AIR STARTUP,6/4/2006 15:30,6/5/2006 6:26,HCN Ammonia Flare,10FLR-004,Hydrogen cyanide,0.11,POUNDS,0,,7186,28.68846258,-96.94182773,census
76621,CLOSED,FINAL,6/16/2006,INV PERFORMANCE SURFACES LLC,INV NYLON CHEMICALS AMERICAS VICTORIA SITE,VICTORIA,AIR STARTUP,6/4/2006 15:30,6/5/2006 6:26,HCN Startup Flare # 1,10FLR-001,Hydrogen cyanide,81.97,POUNDS,0,,7186,28.68846258,-96.94182773,census
76621,CLOSED,FINAL,6/16/2006,INV PERFORMANCE SURFACES LLC,INV NYLON CHEMICALS AMERICAS VICTORIA SITE,VICTORIA,AIR STARTUP,6/4/2006 15:30,6/5/2006 6:26,HCN Startup Flare # 3,10FLR-003,Hydrogen cyanide,81.97,POUNDS,0,,7186,28.68846258,-96.94182773,census
76621,CLOSED,FINAL,6/16/2006,INV PERFORMANCE SURFACES LLC,INV NYLON CHEMICALS AMERICAS VICTORIA SITE,VICTORIA,AIR STARTUP,6/4/2006 15:30,6/5/2006 6:26,HCN Startup Flare #2,10FLR-002,Hydrogen cyanide,81.97,POUNDS,0,,7186,28.68846258,-96.94182773,census
76627,CLOSED,FINAL,6/16/2006,INV PERFORMANCE SURFACES LLC,INV NYLON CHEMICALS AMERICAS VICTORIA SITE,VICTORIA,EMISSIONS EVENT,6/4/2006 2:07,6/4/2006 15:30,HCN Ammonia Flare,10FLR-004,Hydrogen cyanide,0.08,POUNDS,0,,7186,28.68846258,-96.94182773,census
76627,CLOSED,FINAL,6/16/2006,INV PERFORMANCE SURFACES LLC,INV NYLON CHEMICALS AMERICAS VICTORIA SITE,VICTORIA,EMISSIONS EVENT,6/4/2006 2:07,6/4/2006 15:30,HCN Startup Flare #1,10FLR-001,Hydrogen cyanide,0.03,POUNDS,0,,7186,28.68846258,-96.94182773,census
76627,CLOSED,FINAL,6/16/2006,INV PERFORMANCE SURFACES LLC,INV NYLON CHEMICALS AMERICAS VICTORIA SITE,VICTORIA,EMISSIONS EVENT,6/4/2006 2:07,6/4/2006 15:30,HCN Startup Flare #2,10FLR-002,Hydrogen cyanide,0.03,POUNDS,0,,7186,28.68846258,-96.94182773,census
76627,CLOSED,FINAL,6/16/2006,INV PERFORMANCE SURFACES LLC,INV NYLON CHEMICALS AMERICAS VICTORIA SITE,VICTORIA,EMISSIONS EVENT,6/4/2006 2:07,6/4/2006 15:30,HCN Startup Flare #3,10FLR- 003,Hydrogen cyanide,0.03,POUNDS,0,,7186,28.68846258,-96.94182773,census
77672,CLOSED,FINAL,7/10/2006,EXXON MOBIL REFINING AND SUPPLY COMPANY,EXXONMOBIL BAYTOWN REFINERY,HARRIS,EMISSIONS EVENT,6/26/2006 9:19,6/26/2006 17:20,Wet Gas Scrubber,FCCU3,Hydrogen cyanide,67,POUNDS,6027.79,LBS/HR,Refinery -- 18287/PSD-TX-730-M3,29.756373,-94.991395,mapbox
77672,CLOSED,FINAL,7/10/2006,EXXON MOBIL REFINING AND SUPPLY COMPANY,EXXONMOBIL BAYTOWN REFINERY,HARRIS,EMISSIONS EVENT,6/26/2006 9:19,6/26/2006 17:20,Wet Gas Scrubber Bypass,No EPN,Hydrogen cyanide,151,POUNDS,0,,Not Specifcally Authorized,29.756373,-94.991395,mapbox
78043,CLOSED,FINAL,7/17/2006,LUCITE INTERNATIONAL INC,MCA BEAUMONT SITE,JEFFERSON,EMISSIONS EVENT,7/3/2006 23:00,7/5/2006 8:15,Purification Fugitive Area,ACR-FPUR,Hydrogen cyanide,22,POUNDS,0,,1743,30.01071425,-94.03442144,census
78054,CLOSED,FINAL,7/12/2006,SOLUTIA INC,ASCEND PERFORMANCE MATERIALS CHOCOLATE BAYOU PLANT,BRAZORIA,EMISSIONS EVENT,7/4/2006 13:00,7/4/2006 15:00,AN 30,30H5,Hydrogen cyanide,196.4,POUNDS,1.26,LBS/HR,18251,29.18161,-95.4993375,county_centroid
77724,CLOSED,FINAL,7/6/2006,INEOS USA LLC,INEOS GREEN LAKE PLANT,CALHOUN,MAINTENANCE,7/6/2006 9:09,7/6/2006 9:14,Acrylo Fugitives,AN-FUG-III,Hydrogen cyanide,1.2,POUNDS,1.47,LBS/HR,#6289 or PBR 106.263,28.570485,-96.829375,mapbox
78238,CLOSED,FINAL,7/19/2006,EXXON MOBIL REFINING AND SUPPLY COMPANY,EXXONMOBIL BAYTOWN REFINERY,HARRIS,EMISSIONS EVENT,7/6/2006 7:00,7/7/2006 3:00,FCCU-2 Wet Gas Scrubber Stack,FCCU-2,Hydrogen cyanide,47,POUNDS,6027.79,LBS/HR,18287/PSD-TX-730 (Refinery),29.756373,-94.991395,mapbox
78102,CLOSED,FINAL,7/20/2006,INEOS USA LLC,INEOS GREEN LAKE PLANT,CALHOUN,MAINTENANCE,7/20/2006 10:23,7/20/2006 10:28,Acrylo Fugitives,AN-FUG-III,Hydrogen cyanide,6.4,POUNDS,1.47,LBS/HR,#6289 or PBR 106.263,28.570485,-96.829375,mapbox
78851,CLOSED,FINAL,8/29/2006,LUCITE INTERNATIONAL INC,MCA BEAUMONT SITE,JEFFERSON,MAINTENANCE,7/24/2006 7:00,8/16/2006 9:30,Vapor Combustor,ACR-VC51,Hydrogen cyanide,1112.24,POUNDS,0,,1743,30.01071425,-94.03442144,census
79117,CLOSED,INITIAL,7/28/2006,INEOS USA LLC,INEOS GREEN LAKE PLANT,CALHOUN,MAINTENANCE,7/28/2006 10:00,7/28/2006 10:08,Acrylo Fugitives,ANIIIFUG,Hydrogen cyanide,8,POUNDS,1.47,LBS/HR,#6289 or PBR 106.263,28.570485,-96.829375,mapbox
79619,CLOSED,FINAL,8/16/2006,SOLUTIA INC,ASCEND PERFORMANCE MATERIALS CHOCOLATE BAYOU PLANT,BRAZORIA,EMISSIONS EVENT,8/8/2006 10:00,8/8/2006 10:20,Crude Absorber,320S322-1-2,Hydrogen cyanide,72.64,POUNDS,1.05,LBS/HR,38998,29.18161,-95.4993375,county_centroid
80038,CLOSED,FINAL,8/18/2006,TOKAI CARBON CB LTD,BIG SPRING CARBON BLACK PLANT,HOWARD,EMISSIONS EVENT,8/16/2006 23:00,8/16/2006 23:35,Bag Filter Stack,EV-1,Hydrogen cyanide,11.41,% OPACITY,0,,6580/PSD-TX-151,32.278741,-101.408676,mapbox
80127,CLOSED,FINAL,9/22/2006,LUCITE INTERNATIONAL INC,MCA BEAUMONT SITE,JEFFERSON,MAINTENANCE,8/19/2006 12:30,9/10/2006 21:45,Vapor Combustor,ACR-VC51,Hydrogen cyanide,1578.96,POUNDS,0,,1743,30.01071425,-94.03442144,census
80464,CLOSED,FINAL,9/1/2006,TOKAI CARBON CB LTD,BIG SPRING CARBON BLACK PLANT,HOWARD,EMISSIONS EVENT,8/27/2006 22:40,8/27/2006 23:30,Bag Filter Stack,EV-1,Hydrogen cyanide,16.33,POUNDS,0,,6580/PSD-TX-151,32.278741,-101.408676,mapbox
80992,CLOSED,FINAL,10/13/2006,INV PERFORMANCE SURFACES LLC,INV NYLON CHEMICALS AMERICAS ORANGE SITE,ORANGE,MAINTENANCE,9/18/2006 0:00,10/2/2006 12:00,ADN Maintenance Emissions,PAUM,Hydrogen cyanide,8,POUNDS,0,,NSR PERMIT 1302,30.05703471,-93.7577447,census
81805,CLOSED,FINAL,9/28/2006,TOKAI CARBON CB LTD,BIG SPRING CARBON BLACK PLANT,HOWARD,EMISSIONS EVENT,9/25/2006 15:45,9/25/2006 16:10,Bag Filter Stack,EV-3,Hydrogen cyanide,5.12,POUNDS,0,,6580/PSD-TX-151,32.278741,-101.408676,mapbox
83127,CLOSED,FINAL,11/8/2006,SOLUTIA INC,ASCEND PERFORMANCE MATERIALS CHOCOLATE BAYOU PLANT,BRAZORIA,EMISSIONS EVENT,10/26/2006 21:20,10/26/2006 21:59,AN 30 Waste Heat Boiler,30H5,Hydrogen cyanide,21.06,POUNDS,1.26,LBS/HR,18251,29.18161,-95.4993375,county_centroid
83409,CLOSED,FINAL,11/17/2006,EXXON MOBIL REFINING AND SUPPLY COMPANY,EXXONMOBIL BAYTOWN REFINERY,HARRIS,EMISSIONS EVENT,10/31/2006 23:17,11/1/2006 1:00,FCCU3 Wet Gas Scrubber Stack,None,Hydrogen cyanide,18,POUNDS,10,LBS/HR,Permit by Rule 30TAC106.263.,29.756373,-94.991395,mapbox
83379,CLOSED,FINAL,11/15/2006,EXXON MOBIL REFINING AND SUPPLY COMPANY,EXXONMOBIL BAYTOWN REFINERY,HARRIS,EMISSIONS EVENT,11/1/2006 14:24,11/2/2006 16:00,CO Boiler Bypass Stack,None,Hydrogen cyanide,61,POUNDS,0,,Not specifically authorized.  500 ppm limit per 40CFR63.1565(c)(1) and 400 ppm limit per 30TAC117.206(e)(1).,29.756373,-94.991395,mapbox
83379,CLOSED,FINAL,11/15/2006,EXXON MOBIL REFINING AND SUPPLY COMPANY,EXXONMOBIL BAYTOWN REFINERY,HARRIS,EMISSIONS EVENT,11/1/2006 14:24,11/2/2006 16:00,Wet Gas Scrubber Stack,None,Hydrogen cyanide,38,POUNDS,0,,Not specifically authorized,29.756373,-94.991395,mapbox
83474,CLOSED,FINAL,11/15/2006,EXXON MOBIL REFINING AND SUPPLY COMPANY,EXXONMOBIL BAYTOWN REFINERY,HARRIS,EMISSIONS EVENT,11/3/2006 13:00,11/5/2006 0:01,Wet Gas Scrubber Stack,None,Hydrogen cyanide,166,POUNDS,0,,Not specifically authorized,29.756373,-94.991395,mapbox
83976,CLOSED,FINAL,11/21/2006,TOKAI CARBON CB LTD,BIG SPRING CARBON BLACK PLANT,HOWARD,EMISSIONS EVENT,11/16/2006 7:00,11/16/2006 17:00,Bag Filter Stack,EV-2,Hydrogen cyanide,158.37,POUNDS,0,,6580/PSD-TX-151,32.278741,-101.408676,mapbox
84046,CLOSED,FINAL,12/5/2006,EXXON MOBIL REFINING AND SUPPLY COMPANY,EXXONMOBIL BAYTOWN REFINERY,HARRIS,EMISSIONS EVENT,11/20/2006 10:25,11/22/2006 11:19,FCCU3 Wet Gas Scrubber,FCCU3WGS,Hydrogen cyanide,285,POUNDS,0,,Not specifically authorized,29.756373,-94.991395,mapbox
85709,CLOSED,FINAL,1/17/2007,INV PERFORMANCE SURFACES LLC,INV NYLON CHEMICALS AMERICAS ORANGE SITE,ORANGE,EMISSIONS EVENT,1/5/2007 6:30,1/5/2007 15:30,STEP 2 STAGE 2 REACTOR SAMPLE POINT,PAUM,Hydrogen cyanide,2.4,POUNDS,0,,NSR 1302,30.05703471,-93.7577447,census
86386,CLOSED,FINAL,2/5/2007,INV PERFORMANCE SURFACES LLC,INV NYLON CHEMICALS AMERICAS VICTORIA SITE,VICTORIA,EMISSIONS EVENT,1/22/2007 20:00,1/22/2007 20:30,Atmosphere,Atmosphere,Hydrogen cyanide,0.77,POUNDS,0,,7186,28.68846258,-96.94182773,census
86545,CLOSED,FINAL,2/13/2007,INV PERFORMANCE SURFACES LLC,INV NYLON CHEMICALS AMERICAS VICTORIA SITE,VICTORIA,EMISSIONS EVENT,1/27/2007 20:53,1/30/2007 2:00,Ammonia Startup Flare,10FLR-004,Hydrogen cyanide,0.08,POUNDS,0,,7186,28.68846258,-96.94182773,census
86545,CLOSED,FINAL,2/13/2007,INV PERFORMANCE SURFACES LLC,INV NYLON CHEMICALS AMERICAS VICTORIA SITE,VICTORIA,EMISSIONS EVENT,1/27/2007 20:53,1/30/2007 2:00,HCN Startup Flare #2,10FLR-002,Hydrogen cyanide,0.03,POUNDS,0,,7186,28.68846258,-96.94182773,census
86545,CLOSED,FINAL,2/13/2007,INV PERFORMANCE SURFACES LLC,INV NYLON CHEMICALS AMERICAS VICTORIA SITE,VICTORIA,EMISSIONS EVENT,1/27/2007 20:53,1/30/2007 2:00,HCN Startup Flare #3,10FLR-003,Hydrogen cyanide,0.03,POUNDS,0,,7186,28.68846258,-96.94182773,census
86655,CLOSED,FINAL,2/20/2007,INV PERFORMANCE SURFACES LLC,INV NYLON CHEMICALS AMERICAS VICTORIA SITE,VICTORIA,MAINTENANCE,1/31/2007 2:30,2/3/2007 10:00,ADN Operating Flare,10FLR-005,Hydrogen cyanide,400.58,POUNDS,0,,7186,28.68846258,-96.94182773,census
86655,CLOSED,FINAL,2/20/2007,INV PERFORMANCE SURFACES LLC,INV NYLON CHEMICALS AMERICAS VICTORIA SITE,VICTORIA,MAINTENANCE,1/31/2007 2:30,2/3/2007 10:00,Atmosphere,Atmosphere,Hydrogen cyanide,4.41,POUNDS,0,,7186,28.68846258,-96.94182773,census
86655,CLOSED,FINAL,2/20/2007,INV PERFORMANCE SURFACES LLC,INV NYLON CHEMICALS AMERICAS VICTORIA SITE,VICTORIA,MAINTENANCE,1/31/2007 2:30,2/3/2007 10:00,HCN Vent Scrubber & Closed Sump Vent,10VNT-255,Hydrogen cyanide,80.01,POUNDS,0,,7186,28.68846258,-96.94182773,census
86818,CLOSED,FINAL,2/22/2007,INV PERFORMANCE SURFACES LLC,INV NYLON CHEMICALS AMERICAS VICTORIA SITE,VICTORIA,AIR STARTUP,2/3/2007 10:00,2/8/2007 20:00,ADN Operating Flare,10FLR-005,Hydrogen cyanide,3302.91,POUNDS,0,,7186,28.68846258,-96.94182773,census
86818,CLOSED,FINAL,2/22/2007,INV PERFORMANCE SURFACES LLC,INV NYLON CHEMICALS AMERICAS VICTORIA SITE,VICTORIA,AIR STARTUP,2/3/2007 10:00,2/8/2007 20:00,Ammonia Startup Flare,10FLR-004,Hydrogen cyanide,0.11,POUNDS,0,,7186,28.68846258,-96.94182773,census
86818,CLOSED,FINAL,2/22/2007,INV PERFORMANCE SURFACES LLC,INV NYLON CHEMICALS AMERICAS VICTORIA SITE,VICTORIA,AIR STARTUP,2/3/2007 10:00,2/8/2007 20:00,HCN Startup Flare #1,10FLR-001,Hydrogen cyanide,81.97,POUNDS,0,,7186,28.68846258,-96.94182773,census
86818,CLOSED,FINAL,2/22/2007,INV PERFORMANCE SURFACES LLC,INV NYLON CHEMICALS AMERICAS VICTORIA SITE,VICTORIA,AIR STARTUP,2/3/2007 10:00,2/8/2007 20:00,HCN Startup Flare #3,10FLR-003,Hydrogen cyanide,81.97,POUNDS,0,,7186,28.68846258,-96.94182773,census
96420,CLOSED,FINAL,8/23/2007,ZOLTEK CORPORATION,ZOLTEK,TAYLOR,EMISSIONS EVENT,2/13/2007 16:00,2/13/2007 22:00,Carbonization Thermal Oxidizer,32,Hydrogen cyanide,89,POUNDS,1e-05,LBS/HR,35215,32.46479381,-99.82095533,census
87604,CLOSED,FINAL,3/9/2007,LUCITE INTERNATIONAL INC,MCA BEAUMONT SITE,JEFFERSON,EMISSIONS EVENT,2/24/2007 12:08,2/24/2007 12:21,Vapor Combustor,ACR-VC51,Hydrogen cyanide,0.4,POUNDS,0.2,POUNDS,Permit 1743,30.01071425,-94.03442144,census
88113,CLOSED,FINAL,3/12/2007,INEOS USA LLC,INEOS GREEN LAKE PLANT,CALHOUN,EMISSIONS EVENT,3/8/2007 23:30,3/9/2007 20:30,Acrylo Fugitives,FG-AN-III,Hydrogen cyanide,9.7,POUNDS,10,POUNDS,30 TAC 101,28.570485,-96.829375,mapbox
96418,CLOSED,FINAL,8/23/2007,ZOLTEK CORPORATION,ZOLTEK,TAYLOR,EMISSIONS EVENT,3/12/2007 14:00,3/12/2007 15:00,Carbonization Thermal Oxidizer,32,Hydrogen cyanide,44.5,POUNDS,1e-05,LBS/HR,35215,32.46479381,-99.82095533,census
89687,CLOSED,FINAL,4/27/2007,EXXON MOBIL REFINING AND SUPPLY COMPANY,EXXONMOBIL BAYTOWN REFINERY,HARRIS,EMISSIONS EVENT,4/13/2007 5:27,4/14/2007 8:03,FCCU3 Wet Gas Scrubber,FCCU3WGS,Hydrogen cyanide,151,POUNDS,0,,not specifically authorized,29.756373,-94.991395,mapbox
90187,CLOSED,FINAL,5/8/2007,INV PERFORMANCE SURFACES LLC,INV NYLON CHEMICALS AMERICAS ORANGE SITE,ORANGE,EMISSIONS EVENT,4/24/2007 11:30,4/25/2007 7:34,ADN North Boiler,PP-40B,Hydrogen cyanide,14,POUNDS,0.03,LBS/HR,Permit 1468,30.05703471,-93.7577447,census
91346,CLOSED,FINAL,5/18/2007,ZOLTEK CORPORATION,ZOLTEK,TAYLOR,EMISSIONS EVENT,5/18/2007 8:45,5/18/2007 10:36,Carbonization Thermal Oxidizer,32,Hydrogen cyanide,49,POUNDS,1e-05,LBS/HR,35215,32.46479381,-99.82095533,census
91692,CLOSED,FINAL,6/18/2007,INV PERFORMANCE SURFACES LLC,INV NYLON CHEMICALS AMERICAS VICTORIA SITE,VICTORIA,AIR SHUTDOWN,5/27/2007 18:00,6/7/2007 18:00,ADN OPERATING FLARE,10FLR-005,Hydrogen cyanide,0.13,POUNDS,0,,PERMIT AUTHORIZATION NO. 7186,28.68846258,-96.94182773,census
91692,CLOSED,FINAL,6/18/2007,INV PERFORMANCE SURFACES LLC,INV NYLON CHEMICALS AMERICAS VICTORIA SITE,VICTORIA,AIR SHUTDOWN,5/27/2007 18:00,6/7/2007 18:00,AMMONIA START-UP FLARE,10FLR-004,Hydrogen cyanide,0.08,POUNDS,0,,PERMIT AUTHORIZATION NO. 7186,28.68846258,-96.94182773,census
91692,CLOSED,FINAL,6/18/2007,INV PERFORMANCE SURFACES LLC,INV NYLON CHEMICALS AMERICAS VICTORIA SITE,VICTORIA,AIR SHUTDOWN,5/27/2007 18:00,6/7/2007 18:00,HCN START-UP FLARE #1,10FLR-001,Hydrogen cyanide,0.03,POUNDS,0,,PERMIT AUTHORIZATION NO. 7186,28.68846258,-96.94182773,census
91692,CLOSED,FINAL,6/18/2007,INV PERFORMANCE SURFACES LLC,INV NYLON CHEMICALS AMERICAS VICTORIA SITE,VICTORIA,AIR SHUTDOWN,5/27/2007 18:00,6/7/2007 18:00,HCN START-UP FLARE #2,10FLR-002,Hydrogen cyanide,0.03,POUNDS,0,,PERMIT AUTHORIZATION NO. 7186,28.68846258,-96.94182773,census
91692,CLOSED,FINAL,6/18/2007,INV PERFORMANCE SURFACES LLC,INV NYLON CHEMICALS AMERICAS VICTORIA SITE,VICTORIA,AIR SHUTDOWN,5/27/2007 18:00,6/7/2007 18:00,HCN START-UP FLARE #3,10FLR-003,Hydrogen cyanide,0.03,POUNDS,0,,PERMIT AUTHORIZATION NO. 7186,28.68846258,-96.94182773,census
91692,CLOSED,FINAL,6/18/2007,INV PERFORMANCE SURFACES LLC,INV NYLON CHEMICALS AMERICAS VICTORIA SITE,VICTORIA,AIR SHUTDOWN,5/27/2007 18:00,6/7/2007 18:00,HCN VENT SCRUBBER,10VNT-255,Hydrogen cyanide,80.01,POUNDS,0,,PERMIT AUTHORIZATION NO. 7186,28.68846258,-96.94182773,census
91891,CLOSED,INITIAL,6/1/2007,INV PERFORMANCE SURFACES LLC,INV NYLON CHEMICALS AMERICAS VICTORIA SITE,VICTORIA,AIR STARTUP,6/1/2007 11:00,6/4/2007 11:00,ADN OPERATING FLARE,10FLR-005,Hydrogen cyanide,3302.95,POUNDS,0,,TCEQ PERMIT AUTHORIZATION NO. 7186,28.68846258,-96.94182773,census
91891,CLOSED,INITIAL,6/1/2007,INV PERFORMANCE SURFACES LLC,INV NYLON CHEMICALS AMERICAS VICTORIA SITE,VICTORIA,AIR STARTUP,6/1/2007 11:00,6/4/2007 11:00,AMMONIA START-UP FLARE,10FLR-004,Hydrogen cyanide,0.11,POUNDS,0,,TCEQ PERMIT AUTHORIZATION NO. 7186,28.68846258,-96.94182773,census
91891,CLOSED,INITIAL,6/1/2007,INV PERFORMANCE SURFACES LLC,INV NYLON CHEMICALS AMERICAS VICTORIA SITE,VICTORIA,AIR STARTUP,6/1/2007 11:00,6/4/2007 11:00,HCN START-UP FLARE #1,10FLR-001,Hydrogen cyanide,81.98,POUNDS,0,,TCEQ PERMIT AUTHORIZATION NO. 7186,28.68846258,-96.94182773,census
91891,CLOSED,INITIAL,6/1/2007,INV PERFORMANCE SURFACES LLC,INV NYLON CHEMICALS AMERICAS VICTORIA SITE,VICTORIA,AIR STARTUP,6/1/2007 11:00,6/4/2007 11:00,HCN START-UP FLARE #2,10FLR-002,Hydrogen cyanide,81.98,POUNDS,0,,TCEQ PERMIT AUTHORIZATION NO. 7186,28.68846258,-96.94182773,census
91891,CLOSED,INITIAL,6/1/2007,INV PERFORMANCE SURFACES LLC,INV NYLON CHEMICALS AMERICAS VICTORIA SITE,VICTORIA,AIR STARTUP,6/1/2007 11:00,6/4/2007 11:00,HCN START-UP FLARE #3,10FLR-003,Hydrogen cyanide,81.98,POUNDS,0,,TCEQ PERMIT AUTHORIZATION NO. 7186,28.68846258,-96.94182773,census
92199,CLOSED,FINAL,6/22/2007,INV PERFORMANCE SURFACES LLC,INV NYLON CHEMICALS AMERICAS VICTORIA SITE,VICTORIA,AIR STARTUP,6/8/2007 1:00,6/11/2007 18:00,ADN Operating Flare,10FLR-005,Hydrogen cyanide,3302.95,POUNDS,0,,7186,28.68846258,-96.94182773,census
92199,CLOSED,FINAL,6/22/2007,INV PERFORMANCE SURFACES LLC,INV NYLON CHEMICALS AMERICAS VICTORIA SITE,VICTORIA,AIR STARTUP,6/8/2007 1:00,6/11/2007 18:00,Ammonia Startup Flare,10FLR-004,Hydrogen cyanide,0.03,POUNDS,0,,7186,28.68846258,-96.94182773,census
92199,CLOSED,FINAL,6/22/2007,INV PERFORMANCE SURFACES LLC,INV NYLON CHEMICALS AMERICAS VICTORIA SITE,VICTORIA,AIR STARTUP,6/8/2007 1:00,6/11/2007 18:00,HCN Startup Flare #1,10FLR-001,Hydrogen cyanide,0.84,POUNDS,0,,7186,28.68846258,-96.94182773,census
92199,CLOSED,FINAL,6/22/2007,INV PERFORMANCE SURFACES LLC,INV NYLON CHEMICALS AMERICAS VICTORIA SITE,VICTORIA,AIR STARTUP,6/8/2007 1:00,6/11/2007 18:00,HCN Startup Flare #2,10FLR-002,Hydrogen cyanide,0.84,POUNDS,0,,7186,28.68846258,-96.94182773,census
92199,CLOSED,FINAL,6/22/2007,INV PERFORMANCE SURFACES LLC,INV NYLON CHEMICALS AMERICAS VICTORIA SITE,VICTORIA,AIR STARTUP,6/8/2007 1:00,6/11/2007 18:00,HCN Startup Flare #3,10FLR-003,Hydrogen cyanide,51.15,POUNDS,0,,7186,28.68846258,-96.94182773,census
92925,CLOSED,FINAL,7/11/2007,THE DOW CHEMICAL COMPANY,DOW TEXAS OPERATIONS FREEPORT,BRAZORIA,EMISSIONS EVENT,6/19/2007 18:15,6/20/2007 0:45,F-1 Flare,A26F1,Hydrogen cyanide,40,POUNDS,2.77,LBS/HR,NSR-1472,28.98253894,-95.37712354,census
92925,CLOSED,FINAL,7/11/2007,THE DOW CHEMICAL COMPANY,DOW TEXAS OPERATIONS FREEPORT,BRAZORIA,EMISSIONS EVENT,6/19/2007 18:15,6/20/2007 0:45,WGB-500 Waste Gas Boiler,A26S500,Hydrogen cyanide,3,POUNDS,0.07,LBS/HR,NSR-1472,28.98253894,-95.37712354,census
93352,CLOSED,FINAL,7/23/2007,INV PERFORMANCE SURFACES LLC,INV NYLON CHEMICALS AMERICAS VICTORIA SITE,VICTORIA,EMISSIONS EVENT,6/28/2007 18:15,7/1/2007 11:39,ADN Operating Flare,10FLR-005,Hydrogen cyanide,8,POUNDS,0,,7186,28.68846258,-96.94182773,census
94063,CLOSED,FINAL,7/26/2007,INV PERFORMANCE SURFACES LLC,INV NYLON CHEMICALS AMERICAS ORANGE SITE,ORANGE,AIR STARTUP,7/14/2007 23:45,7/15/2007 9:45,ADN OPERATING FLARE,PH3,Hydrogen cyanide,103.1,POUNDS,227.3,LBS/HR,NSR 1302,30.05703471,-93.7577447,census
94197,CLOSED,FINAL,7/30/2007,INV PERFORMANCE SURFACES LLC,INV NYLON CHEMICALS AMERICAS ORANGE SITE,ORANGE,EMISSIONS EVENT,7/16/2007 12:30,7/17/2007 11:40,North ADN Boiler,PP-40B,Hydrogen cyanide,33.7,POUNDS,10,POUNDS,CERCLA RQ,30.05703471,-93.7577447,census
95124,CLOSED,FINAL,8/2/2007,ZOLTEK CORPORATION,ZOLTEK,TAYLOR,EMISSIONS EVENT,7/27/2007 2:40,7/27/2007 3:10,Carbonization Thermal Oxidizer,22,Hydrogen cyanide,19.4,POUNDS,2e-05,LBS/HR,35215,32.46479381,-99.82095533,census
95610,CLOSED,FINAL,8/13/2007,SOLUTIA INC,ASCEND PERFORMANCE MATERIALS CHOCOLATE BAYOU PLANT,BRAZORIA,EMISSIONS EVENT,8/5/2007 11:39,8/5/2007 11:44,Atm Vent,NA,Hydrogen cyanide,98.7,POUNDS,0,,18251,29.18161,-95.4993375,county_centroid
95496,CLOSED,FINAL,8/10/2007,ZOLTEK CORPORATION,ZOLTEK,TAYLOR,EMISSIONS EVENT,8/6/2007 12:44,8/6/2007 13:08,Carbonization Thermal Oxidizer,42,Hydrogen cyanide,18.48,POUNDS,2e-05,LBS/HR,35215,32.46479381,-99.82095533,census
95878,CLOSED,FINAL,8/22/2007,LUCITE INTERNATIONAL INC,MCA BEAUMONT SITE,JEFFERSON,EMISSIONS EVENT,8/14/2007 5:30,8/14/2007 5:40,ACE Column Bottoms Pump,N/A,Hydrogen cyanide,7,POUNDS,0,,1743,30.01071425,-94.03442144,census
95950,CLOSED,FINAL,8/29/2007,EXXON MOBIL CORPORATION,EXXONMOBIL CHEMICAL BAYTOWN CHEMICAL PLANT,HARRIS,EMISSIONS EVENT,8/15/2007 3:40,8/15/2007 4:22,Flare Stack 28,FS28,Hydrogen cyanide,0.1,POUNDS,0,,No specific emissions authorizations for this facility',29.735007,-95.022704,mapbox
96846,CLOSED,FINAL,9/12/2007,SOLUTIA INC,ASCEND PERFORMANCE MATERIALS CHOCOLATE BAYOU PLANT,BRAZORIA,EMISSIONS EVENT,8/29/2007 14:03,8/29/2007 14:51,31H4,31H4,Hydrogen cyanide,81.1,POUNDS,1.26,LBS/HR,18251,29.18161,-95.4993375,county_centroid
97532,CLOSED,FINAL,9/18/2007,GB BIOSCIENCES LLC,GREEN BAYOU PLANT,HARRIS,EMISSIONS EVENT,9/15/2007 18:45,9/15/2007 20:15,IPN Process Fugitives,FGBP01,Hydrogen cyanide,7.25,POUNDS,0,,NSR Permit 4893A,29.76132793,-95.1822415,census
98012,CLOSED,FINAL,10/10/2007,SOLUTIA INC,ASCEND PERFORMANCE MATERIALS CHOCOLATE BAYOU PLANT,BRAZORIA,EMISSIONS EVENT,9/26/2007 15:32,9/26/2007 16:08,30H5,30H5,Hydrogen cyanide,308,POUNDS,1.26,LBS/HR,18251,29.18161,-95.4993375,county_centroid
98672,CLOSED,FINAL,10/23/2007,SOLUTIA INC,ASCEND PERFORMANCE MATERIALS CHOCOLATE BAYOU PLANT,BRAZORIA,EMISSIONS EVENT,10/14/2007 4:46,10/14/2007 5:31,30H5,30H5,Hydrogen cyanide,36.5,POUNDS,1.26,LBS/HR,18251,29.18161,-95.4993375,county_centroid
98869,CLOSED,FINAL,10/22/2007,ZOLTEK CORPORATION,ZOLTEK,TAYLOR,EMISSIONS EVENT,10/17/2007 17:30,10/17/2007 18:40,Carbonization Thermal Oxidizer,32,Hydrogen cyanide,0.02821,POUNDS,1e-05,LBS/HR,35215,32.46479381,-99.82095533,census
99099,CLOSED,FINAL,11/28/2007,INV PERFORMANCE SURFACES LLC,INV NYLON CHEMICALS AMERICAS VICTORIA SITE,VICTORIA,EMISSIONS EVENT,10/22/2007 2:00,11/13/2007 13:05,ADN Operating Flare,10FLR-005,Hydrogen cyanide,2244.03,POUNDS,0,,Permit 7186,28.68846258,-96.94182773,census
99099,CLOSED,FINAL,11/28/2007,INV PERFORMANCE SURFACES LLC,INV NYLON CHEMICALS AMERICAS VICTORIA SITE,VICTORIA,EMISSIONS EVENT,10/22/2007 2:00,11/13/2007 13:05,HCN #1 Start-up Flare,10FLR-001,Hydrogen cyanide,0.03,POUNDS,0,,Permit 7186,28.68846258,-96.94182773,census
99099,CLOSED,FINAL,11/28/2007,INV PERFORMANCE SURFACES LLC,INV NYLON CHEMICALS AMERICAS VICTORIA SITE,VICTORIA,EMISSIONS EVENT,10/22/2007 2:00,11/13/2007 13:05,HCN #3 Start-up Flare,10FLR-003,Hydrogen cyanide,0.08,POUNDS,0,,Permit 7186,28.68846258,-96.94182773,census
99099,CLOSED,FINAL,11/28/2007,INV PERFORMANCE SURFACES LLC,INV NYLON CHEMICALS AMERICAS VICTORIA SITE,VICTORIA,EMISSIONS EVENT,10/22/2007 2:00,11/13/2007 13:05,HCN NH3 Flare No. 4,10FLR-004,Hydrogen cyanide,0.62,POUNDS,0,,Permit 7186,28.68846258,-96.94182773,census
99099,CLOSED,FINAL,11/28/2007,INV PERFORMANCE SURFACES LLC,INV NYLON CHEMICALS AMERICAS VICTORIA SITE,VICTORIA,EMISSIONS EVENT,10/22/2007 2:00,11/13/2007 13:05,HCN Vent Scrubber,10VNT-255,Hydrogen cyanide,0.01,POUNDS,0,,Permit 7186,28.68846258,-96.94182773,census
99475,CLOSED,FINAL,11/13/2007,SOLUTIA INC,ASCEND PERFORMANCE MATERIALS CHOCOLATE BAYOU PLANT,BRAZORIA,EMISSIONS EVENT,10/30/2007 14:05,10/30/2007 15:14,30H5,30H5,Hydrogen cyanide,210,POUNDS,1.26,LBS/HR,18251,29.18161,-95.4993375,county_centroid
99968,CLOSED,FINAL,11/16/2007,TOKAI CARBON CB LTD,BIG SPRING CARBON BLACK PLANT,HOWARD,EMISSIONS EVENT,11/12/2007 17:40,11/13/2007 9:04,Bag Filter Stack 2,Flare 2,Hydrogen cyanide,20,POUNDS,0,,6580/PSD-TX-151,32.278741,-101.408676,mapbox
100166,CLOSED,FINAL,12/6/2007,SOLUTIA INC,ASCEND PERFORMANCE MATERIALS CHOCOLATE BAYOU PLANT,BRAZORIA,EMISSIONS EVENT,11/16/2007 3:34,11/16/2007 4:28,30H5,30H5,Hydrogen cyanide,14.4,POUNDS,1.26,LBS/HR,18251,29.18161,-95.4993375,county_centroid
100418,CLOSED,FINAL,12/10/2007,SOLUTIA INC,ASCEND PERFORMANCE MATERIALS CHOCOLATE BAYOU PLANT,BRAZORIA,EMISSIONS EVENT,11/26/2007 0:16,11/26/2007 0:21,31H4,31H4,Hydrogen cyanide,51.8,POUNDS,1.26,LBS/HR,18251,29.18161,-95.4993375,county_centroid
100470,CLOSED,FINAL,11/28/2007,TOKAI CARBON CB LTD,BIG SPRING CARBON BLACK PLANT,HOWARD,EMISSIONS EVENT,11/26/2007 20:10,11/26/2007 23:35,Bag Filter Stack 1,Flare 1,Hydrogen cyanide,6.23,POUNDS,0,,6580/PSD-TX-151,32.278741,-101.408676,mapbox
100470,CLOSED,FINAL,11/28/2007,TOKAI CARBON CB LTD,BIG SPRING CARBON BLACK PLANT,HOWARD,EMISSIONS EVENT,11/26/2007 20:10,11/26/2007 23:35,Bag Filter Stack 2,Flare 2,Hydrogen cyanide,12.21,POUNDS,0,,6580/PSD-TX-151,32.278741,-101.408676,mapbox
118870,CLOSED,FINAL,1/18/2009,ZOLTEK CORPORATION,ZOLTEK,TAYLOR,EMISSIONS EVENT,1/13/2008 18:20,1/13/2008 18:39,Carbonization Thermal Oxidizer,12,Hydrogen cyanide,0.01078,POUNDS,1e-05,POUNDS,35215,32.46479381,-99.82095533,census
102518,CLOSED,FINAL,2/1/2008,INEOS USA LLC,INEOS GREEN LAKE PLANT,CALHOUN,EMISSIONS EVENT,1/16/2008 23:26,1/17/2008 1:44,HCN FLARE,FL-G5,Hydrogen cyanide,76.6,POUNDS,1.64,LBS/HR,NSR 6289 & 8533 (combined VOC limit shown),28.570485,-96.829375,mapbox
102518,CLOSED,FINAL,2/1/2008,INEOS USA LLC,INEOS GREEN LAKE PLANT,CALHOUN,EMISSIONS EVENT,1/16/2008 23:26,1/17/2008 1:44,PROCESS FLARE,FL-G4,Hydrogen cyanide,20.7,POUNDS,16.39,LBS/HR,NSR 6289 & 19985 (combined VOC limit shown),28.570485,-96.829375,mapbox
120155,CLOSED,FINAL,2/22/2009,ZOLTEK CORPORATION,ZOLTEK,TAYLOR,EMISSIONS EVENT,2/13/2008 0:50,2/13/2008 6:00,Carbonization Thermal Oxidizer,12,Hydrogen cyanide,0.17965,POUNDS,1e-05,POUNDS,35215,32.46479381,-99.82095533,census
120157,CLOSED,FINAL,2/22/2009,ZOLTEK CORPORATION,ZOLTEK,TAYLOR,EMISSIONS EVENT,2/13/2008 7:40,2/13/2008 8:40,Carbonization Thermal Oxidizer,12,Hydrogen cyanide,0.03283,POUNDS,1e-05,POUNDS,35215,32.46479381,-99.82095533,census
120158,CLOSED,FINAL,2/22/2009,ZOLTEK CORPORATION,ZOLTEK,TAYLOR,EMISSIONS EVENT,2/13/2008 8:50,2/13/2008 9:00,Carbonization Thermal Oxidizer,12,Hydrogen cyanide,0.0056,POUNDS,1e-05,POUNDS,35215,32.46479381,-99.82095533,census
104293,CLOSED,FINAL,3/4/2008,SOLUTIA INC,ASCEND PERFORMANCE MATERIALS CHOCOLATE BAYOU PLANT,BRAZORIA,EMISSIONS EVENT,2/26/2008 17:14,2/27/2008 17:14,Cooling Tower No. 3,E379CT3,Hydrogen cyanide,3.6158,POUNDS,0,,No specific emissions authorizations for this facility,29.18161,-95.4993375,county_centroid
104297,CLOSED,FINAL,3/11/2008,SOLUTIA INC,ASCEND PERFORMANCE MATERIALS CHOCOLATE BAYOU PLANT,BRAZORIA,EMISSIONS EVENT,2/26/2008 21:49,2/26/2008 21:52,31H4 AN Unit 3 Waste Heat Boiler,31H4,Hydrogen cyanide,76.2,POUNDS,1.26,LBS/HR,18251,29.18161,-95.4993375,county_centroid
104027,CLOSED,FINAL,4/1/2008,INV PERFORMANCE SURFACES LLC,INV NYLON CHEMICALS AMERICAS VICTORIA SITE,VICTORIA,AIR SHUTDOWN,2/29/2008 0:00,3/16/2008 7:00,ADN Operating Flare,10FLR-005,Hydrogen cyanide,3341.12,POUNDS,1200,POUNDS,Permit 7186,28.68846258,-96.94182773,census
104027,CLOSED,FINAL,4/1/2008,INV PERFORMANCE SURFACES LLC,INV NYLON CHEMICALS AMERICAS VICTORIA SITE,VICTORIA,AIR SHUTDOWN,2/29/2008 0:00,3/16/2008 7:00,Common Scrubber Vent for Tanks,10VNT-255,Hydrogen cyanide,75.01,POUNDS,0,,Permit 7186,28.68846258,-96.94182773,census
104027,CLOSED,FINAL,4/1/2008,INV PERFORMANCE SURFACES LLC,INV NYLON CHEMICALS AMERICAS VICTORIA SITE,VICTORIA,AIR SHUTDOWN,2/29/2008 0:00,3/16/2008 7:00,MSS Emissions from ADN and HCN areas,10MSS-001,Hydrogen cyanide,1.21,POUNDS,0,,Permit 7186,28.68846258,-96.94182773,census
104422,CLOSED,FINAL,3/11/2008,SOLUTIA INC,ASCEND PERFORMANCE MATERIALS CHOCOLATE BAYOU PLANT,BRAZORIA,EMISSIONS EVENT,2/29/2008 9:26,2/29/2008 11:09,31H4 AN3 Waste Heat Boiler,31H4,Hydrogen cyanide,15.2,POUNDS,1.26,LBS/HR,18251,29.18161,-95.4993375,county_centroid
104586,CLOSED,FINAL,3/20/2008,INV PERFORMANCE SURFACES LLC,INV NYLON CHEMICALS AMERICAS VICTORIA SITE,VICTORIA,AIR SHUTDOWN,3/3/2008 0:01,3/7/2008 10:00,Ammonia Startup Flare,10FLR-004,Hydrogen cyanide,0.09,POUNDS,0,,Permit 7186,28.68846258,-96.94182773,census
104713,CLOSED,FINAL,3/18/2008,EXXON MOBIL REFINING AND SUPPLY COMPANY,EXXONMOBIL BAYTOWN REFINERY,HARRIS,MAINTENANCE,3/8/2008 9:30,3/8/2008 22:00,FCCU3 Wet Gas Scrubber,FCCU3WGS,Hydrogen cyanide,5,POUNDS,6014.44,LBS/HR,PAL Permit 18287/PSD-TX-730M4,29.756373,-94.991395,mapbox
105523,CLOSED,FINAL,4/1/2008,SOLUTIA INC,ASCEND PERFORMANCE MATERIALS CHOCOLATE BAYOU PLANT,BRAZORIA,EMISSIONS EVENT,3/27/2008 9:35,3/27/2008 11:26,30H5,30H5,Hydrogen cyanide,61,POUNDS,1.26,LBS/HR,18251,29.18161,-95.4993375,county_centroid
105397,CLOSED,FINAL,5/22/2008,INV PERFORMANCE SURFACES LLC,INV NYLON CHEMICALS AMERICAS VICTORIA SITE,VICTORIA,AIR STARTUP,4/11/2008 8:00,5/8/2008 18:00,ADN Op Flare,10FLR-005,Hydrogen cyanide,3711.29,POUNDS,2976.48,POUNDS,Permit 7186,28.68846258,-96.94182773,census
105397,CLOSED,FINAL,5/22/2008,INV PERFORMANCE SURFACES LLC,INV NYLON CHEMICALS AMERICAS VICTORIA SITE,VICTORIA,AIR STARTUP,4/11/2008 8:00,5/8/2008 18:00,Ammonia Startup Flare,10FLR-004,Hydrogen cyanide,0.15,POUNDS,0,,Permit 7186,28.68846258,-96.94182773,census
105397,CLOSED,FINAL,5/22/2008,INV PERFORMANCE SURFACES LLC,INV NYLON CHEMICALS AMERICAS VICTORIA SITE,VICTORIA,AIR STARTUP,4/11/2008 8:00,5/8/2008 18:00,HCN Startup Flare #1,10FLR-001,Hydrogen cyanide,82.39,POUNDS,80.3,POUNDS,Permit 7186,28.68846258,-96.94182773,census
105397,CLOSED,FINAL,5/22/2008,INV PERFORMANCE SURFACES LLC,INV NYLON CHEMICALS AMERICAS VICTORIA SITE,VICTORIA,AIR STARTUP,4/11/2008 8:00,5/8/2008 18:00,HCN Startup Flare #3,10FLR-003,Hydrogen cyanide,82.39,POUNDS,80.3,POUNDS,Permit 7186,28.68846258,-96.94182773,census
106240,CLOSED,FINAL,4/24/2008,EXXON MOBIL REFINING AND SUPPLY COMPANY,EXXONMOBIL BAYTOWN REFINERY,HARRIS,AIR STARTUP,4/13/2008 14:20,4/15/2008 2:12,FCCU3 Wet Gas Scrubber,FCCU3WGS,Hydrogen cyanide,8,POUNDS,6014.44,LBS/HR,PAL Permit 18287/PSD-TX-730M4,29.756373,-94.991395,mapbox
106703,CLOSED,FINAL,5/6/2008,EXXON MOBIL REFINING AND SUPPLY COMPANY,EXXONMOBIL BAYTOWN REFINERY,HARRIS,EMISSIONS EVENT,4/22/2008 11:02,4/23/2008 16:21,FCCU3 Bypass Stack,N/A,Hydrogen cyanide,142,POUNDS,0,,No specific emissions authorized,29.756373,-94.991395,mapbox
106703,CLOSED,FINAL,5/6/2008,EXXON MOBIL REFINING AND SUPPLY COMPANY,EXXONMOBIL BAYTOWN REFINERY,HARRIS,EMISSIONS EVENT,4/22/2008 11:02,4/23/2008 16:21,FCCU3 Wet Gas Scrubber,FCCU3WGS,Hydrogen cyanide,8,POUNDS,6014.44,LBS/HR,Permit 18287 - 8 lb authorized,29.756373,-94.991395,mapbox
107489,CLOSED,FINAL,5/27/2008,SOLUTIA INC,ASCEND PERFORMANCE MATERIALS CHOCOLATE BAYOU PLANT,BRAZORIA,EMISSIONS EVENT,5/8/2008 10:00,5/8/2008 18:06,Crude AN Fugitives - EPN 320F/302/312/315,320F/302/312/31,Hydrogen cyanide,0.08,POUNDS,0.18,LBS/HR,38998,29.18161,-95.4993375,county_centroid
107627,CLOSED,FINAL,5/27/2008,THE DOW CHEMICAL COMPANY,DOW TEXAS OPERATIONS FREEPORT,BRAZORIA,AIR STARTUP,5/12/2008 14:30,5/12/2008 15:08,Versene Flare,A26F1,Hydrogen cyanide,2.5,POUNDS,10,POUNDS,R 1472,28.98253894,-95.37712354,census
109166,CLOSED,INITIAL,6/11/2008,EXXON MOBIL REFINING AND SUPPLY COMPANY,EXXONMOBIL BAYTOWN REFINERY,HARRIS,EMISSIONS EVENT,6/10/2008 11:53,10/5/2008 18:53,Fluid Catalytic Cracking Unit 3 Bypass Stack,FCCU3,Hydrogen cyanide,1244,POUNDS,0,,Not specifically authorized,29.756373,-94.991395,mapbox
110406,CLOSED,FINAL,9/8/2008,LUCITE INTERNATIONAL INC,MCA BEAUMONT SITE,JEFFERSON,EMISSIONS EVENT,6/29/2008 21:00,7/1/2008 21:00,Reactor Fugitive Area,ACR-FRX,Hydrogen cyanide,1e-05,POUNDS,0,,Permit 1743,30.01071425,-94.03442144,census
110642,CLOSED,FINAL,7/18/2008,EXXON MOBIL CORPORATION,EXXONMOBIL BAYTOWN REFINERY,HARRIS,EMISSIONS EVENT,7/4/2008 13:15,7/5/2008 17:27,FCCU3 Wet Gas Scrubber,FCCU3WGS,Hydrogen cyanide,0.2,POUNDS,0,,Not specifically authorized,29.756373,-94.991395,mapbox
111276,CLOSED,FINAL,8/4/2008,INV PERFORMANCE SURFACES LLC,INV NYLON CHEMICALS AMERICAS VICTORIA SITE,VICTORIA,EMISSIONS EVENT,7/19/2008 7:05,7/19/2008 7:30,#2 Converter Start-up Flare,10FLR-002,Hydrogen cyanide,424,POUNDS,0,,Permit 7186,28.68846258,-96.94182773,census
111285,CLOSED,FINAL,7/31/2008,SOLUTIA INC,ASCEND PERFORMANCE MATERIALS CHOCOLATE BAYOU PLANT,BRAZORIA,EMISSIONS EVENT,7/19/2008 14:20,7/19/2008 18:46,30ISBLFUG,30ISBLFUG,Hydrogen cyanide,3.55,POUNDS,2.2,TONS/YR,18251,29.18161,-95.4993375,county_centroid
112876,CLOSED,FINAL,8/21/2008,INV PERFORMANCE SURFACES LLC,INV NYLON CHEMICALS AMERICAS VICTORIA SITE,VICTORIA,EMISSIONS EVENT,8/6/2008 16:30,8/7/2008 12:00,ADN Op Flare,10FLR-005,Hydrogen cyanide,3823.75,POUNDS,0,,Permit 7186,28.68846258,-96.94182773,census
112876,CLOSED,FINAL,8/21/2008,INV PERFORMANCE SURFACES LLC,INV NYLON CHEMICALS AMERICAS VICTORIA SITE,VICTORIA,EMISSIONS EVENT,8/6/2008 16:30,8/7/2008 12:00,No 1 Converter Startup Flare,10FLR-001,Hydrogen cyanide,0.03,POUNDS,0,,Permit 7186,28.68846258,-96.94182773,census
112876,CLOSED,FINAL,8/21/2008,INV PERFORMANCE SURFACES LLC,INV NYLON CHEMICALS AMERICAS VICTORIA SITE,VICTORIA,EMISSIONS EVENT,8/6/2008 16:30,8/7/2008 12:00,No 3 Converter Startup Stack,10FLR-003,Hydrogen cyanide,82.43,POUNDS,0,,Permit 7186,28.68846258,-96.94182773,census
112876,CLOSED,FINAL,8/21/2008,INV PERFORMANCE SURFACES LLC,INV NYLON CHEMICALS AMERICAS VICTORIA SITE,VICTORIA,EMISSIONS EVENT,8/6/2008 16:30,8/7/2008 12:00,Vent Scrubber,10VNT-255,Hydrogen cyanide,0.01,POUNDS,0,,Permit 7186,28.68846258,-96.94182773,census
112375,CLOSED,FINAL,8/21/2008,ZOLTEK CORPORATION,ZOLTEK,TAYLOR,EMISSIONS EVENT,8/10/2008 8:52,8/10/2008 9:23,CarbonizationThermal Oxidizer,32,Hydrogen cyanide,16.86,POUNDS,1e-05,POUNDS,35215,32.46479381,-99.82095533,census
112424,CLOSED,FINAL,8/25/2008,INV PERFORMANCE SURFACES LLC,INV NYLON CHEMICALS AMERICAS VICTORIA SITE,VICTORIA,EMISSIONS EVENT,8/11/2008 13:00,8/12/2008 0:30,Atmosphere,Atmosphere,Hydrogen cyanide,9.56,POUNDS,0,,Permit 23271,28.68846258,-96.94182773,census
112428,CLOSED,FINAL,8/13/2008,SOLUTIA INC,ASCEND PERFORMANCE MATERIALS CHOCOLATE BAYOU PLANT,BRAZORIA,EMISSIONS EVENT,8/11/2008 9:40,8/11/2008 11:18,30ISBLFUG,30ISBLFUG,Hydrogen cyanide,9,POUNDS,2.2,TONS/YR,18251,29.18161,-95.4993375,county_centroid
112696,CLOSED,FINAL,9/3/2008,INV PERFORMANCE SURFACES LLC,INV NYLON CHEMICALS AMERICAS VICTORIA SITE,VICTORIA,EMISSIONS EVENT,8/15/2008 13:50,8/16/2008 9:23,ADN Operating Flare,10FLR-005,Hydrogen cyanide,428.75,POUNDS,0,,Permit 7186,28.68846258,-96.94182773,census
112806,CLOSED,FINAL,9/9/2008,INEOS USA LLC,INEOS GREEN LAKE PLANT,CALHOUN,EMISSIONS EVENT,8/19/2008 15:50,8/19/2008 19:37,HCN Flare,FL-G5,Hydrogen cyanide,130.46,POUNDS,1.64,LBS/HR,"NSR 6289, 8533",28.570485,-96.829375,mapbox
113105,CLOSED,FINAL,9/5/2008,INEOS USA LLC,INEOS GREEN LAKE PLANT,CALHOUN,EMISSIONS EVENT,8/24/2008 14:00,8/25/2008 0:42,HCN FLARE,FL-G5,Hydrogen cyanide,190.2,POUNDS,1.64,LBS/HR,NSR 6289 & 8533 (combined VOC limit shown),28.570485,-96.829375,mapbox
113175,CLOSED,FINAL,9/4/2008,ZOLTEK CORPORATION,ZOLTEK,TAYLOR,EMISSIONS EVENT,8/26/2008 22:10,8/27/2008 2:00,Carbonization Thermal Oxidizer,42,Hydrogen cyanide,61.2,POUNDS,1e-05,POUNDS,35215,32.46479381,-99.82095533,census
113762,CLOSED,FINAL,9/24/2008,INV PERFORMANCE SURFACES LLC,INV NYLON CHEMICALS AMERICAS VICTORIA SITE,VICTORIA,AIR SHUTDOWN,9/9/2008 18:40,9/18/2008 4:45,ADN Operating Flare,10FLR-005,Hydrogen cyanide,3332.95,POUNDS,0,,Permit 7186,28.68846258,-96.94182773,census
113762,CLOSED,FINAL,9/24/2008,INV PERFORMANCE SURFACES LLC,INV NYLON CHEMICALS AMERICAS VICTORIA SITE,VICTORIA,AIR SHUTDOWN,9/9/2008 18:40,9/18/2008 4:45,Ammonia Startup Flare,10FLR-004,Hydrogen cyanide,0.09,POUNDS,0,,Permit 7186,28.68846258,-96.94182773,census
113887,CLOSED,FINAL,10/14/2008,EXXON MOBIL REFINING AND SUPPLY COMPANY,EXXONMOBIL BAYTOWN REFINERY,HARRIS,AIR SHUTDOWN,9/11/2008 12:00,9/15/2008 18:30,FCCU3 Bypass Stack,Bypass Stack,Hydrogen cyanide,3,POUNDS,0,,Not specifically authorized,29.756373,-94.991395,mapbox
113887,CLOSED,FINAL,10/14/2008,EXXON MOBIL REFINING AND SUPPLY COMPANY,EXXONMOBIL BAYTOWN REFINERY,HARRIS,AIR SHUTDOWN,9/11/2008 12:00,9/15/2008 18:30,FCCU3 D505,FCCU3 WGS,Hydrogen cyanide,175,POUNDS,0,,Not specifically Authorized,29.756373,-94.991395,mapbox
114232,CLOSED,FINAL,10/1/2008,SOLUTIA INC,ASCEND PERFORMANCE MATERIALS CHOCOLATE BAYOU PLANT,BRAZORIA,EMISSIONS EVENT,9/11/2008 21:35,9/27/2008 5:30,AN Crude Scrubber,320Z322,Hydrogen cyanide,11.55,POUNDS,1,LBS/HR,38998,29.18161,-95.4993375,county_centroid
113877,CLOSED,FINAL,3/9/2009,INV PERFORMANCE SURFACES LLC,INV NYLON CHEMICALS AMERICAS ORANGE SITE,ORANGE,EMISSIONS EVENT,9/12/2008 12:00,1/5/2009 20:55,DIRECT FLAME INCINERATOR,PA39,Hydrogen cyanide,6.5,POUNDS,0,,NSR#1302 & PSD-TX-1085,30.05703471,-93.7577447,census
113877,CLOSED,FINAL,3/9/2009,INV PERFORMANCE SURFACES LLC,INV NYLON CHEMICALS AMERICAS ORANGE SITE,ORANGE,EMISSIONS EVENT,9/12/2008 12:00,1/5/2009 20:55,WATER REUSE TANK & FLARE,PH402,Hydrogen cyanide,6.7,POUNDS,0,,NSR#1302 & PSD-TX-1085,30.05703471,-93.7577447,census
114652,CLOSED,FINAL,10/31/2008,INV PERFORMANCE SURFACES LLC,INV NYLON CHEMICALS AMERICAS VICTORIA SITE,VICTORIA,EMISSIONS EVENT,9/19/2008 15:32,10/20/2008 9:36,ADN Operating Flare,10FLR-005,Hydrogen cyanide,9815.46,POUNDS,0,,Permit 7186,28.68846258,-96.94182773,census
114652,CLOSED,FINAL,10/31/2008,INV PERFORMANCE SURFACES LLC,INV NYLON CHEMICALS AMERICAS VICTORIA SITE,VICTORIA,EMISSIONS EVENT,9/19/2008 15:32,10/20/2008 9:36,Ammonia Startup Flare,10FLR-004,Hydrogen cyanide,0.29,POUNDS,0,,Permit 7186,28.68846258,-96.94182773,census
114652,CLOSED,FINAL,10/31/2008,INV PERFORMANCE SURFACES LLC,INV NYLON CHEMICALS AMERICAS VICTORIA SITE,VICTORIA,EMISSIONS EVENT,9/19/2008 15:32,10/20/2008 9:36,HCN Vent Scrubber,10VNT-255,Hydrogen cyanide,0.01,POUNDS,0,,Permit 7186,28.68846258,-96.94182773,census
114652,CLOSED,FINAL,10/31/2008,INV PERFORMANCE SURFACES LLC,INV NYLON CHEMICALS AMERICAS VICTORIA SITE,VICTORIA,EMISSIONS EVENT,9/19/2008 15:32,10/20/2008 9:36,No 1 Converter Startup Flare,10FLR-001,Hydrogen cyanide,82.43,POUNDS,0,,Permit 7186,28.68846258,-96.94182773,census
114652,CLOSED,FINAL,10/31/2008,INV PERFORMANCE SURFACES LLC,INV NYLON CHEMICALS AMERICAS VICTORIA SITE,VICTORIA,EMISSIONS EVENT,9/19/2008 15:32,10/20/2008 9:36,No 2 Converter Startup Flare,10FLR-002,Hydrogen cyanide,206.05,POUNDS,0,,Permit 7186,28.68846258,-96.94182773,census
114652,CLOSED,FINAL,10/31/2008,INV PERFORMANCE SURFACES LLC,INV NYLON CHEMICALS AMERICAS VICTORIA SITE,VICTORIA,EMISSIONS EVENT,9/19/2008 15:32,10/20/2008 9:36,No 3 Converter Startup Flare,10FLR-003,Hydrogen cyanide,164.78,POUNDS,0,,Permit 7186,28.68846258,-96.94182773,census
116380,CLOSED,FINAL,11/8/2008,ZOLTEK CORPORATION,ZOLTEK,TAYLOR,EMISSIONS EVENT,10/20/2008 13:42,10/20/2008 14:17,Carbonization Thermal Oxidizer,42,Hydrogen cyanide,9.73,POUNDS,1e-05,POUNDS,35215,32.46479381,-99.82095533,census
116381,CLOSED,FINAL,11/8/2008,ZOLTEK CORPORATION,ZOLTEK,TAYLOR,EMISSIONS EVENT,10/20/2008 7:36,10/20/2008 7:53,Carbonization Thermal Oxidizer,42,Hydrogen cyanide,8.32,POUNDS,1e-05,POUNDS,35215,32.46479381,-99.82095533,census
115827,CLOSED,FINAL,10/30/2008,TOKAI CARBON CB LTD,BIG SPRING CARBON BLACK PLANT,HOWARD,EMISSIONS EVENT,10/24/2008 15:38,10/24/2008 19:17,Bag Filter Stack U1,Flare 1,Hydrogen cyanide,3.34,POUNDS,0,,6580/PSD-TX-151,32.278741,-101.408676,mapbox
115827,CLOSED,FINAL,10/30/2008,TOKAI CARBON CB LTD,BIG SPRING CARBON BLACK PLANT,HOWARD,EMISSIONS EVENT,10/24/2008 15:38,10/24/2008 19:17,Bag Filter Stack U2,Flare 2,Hydrogen cyanide,0.32,POUNDS,0,,6580/PSD-TX-151,32.278741,-101.408676,mapbox
115827,CLOSED,FINAL,10/30/2008,TOKAI CARBON CB LTD,BIG SPRING CARBON BLACK PLANT,HOWARD,EMISSIONS EVENT,10/24/2008 15:38,10/24/2008 19:17,Bag Filter Stack U3,Flare 3,Hydrogen cyanide,2.08,POUNDS,0,,6580/PSD-TX-151,32.278741,-101.408676,mapbox
116249,CLOSED,FINAL,11/17/2008,SOLUTIA INC,ASCEND PERFORMANCE MATERIALS CHOCOLATE BAYOU PLANT,BRAZORIA,EMISSIONS EVENT,11/4/2008 5:35,11/4/2008 8:35,70Z401 AN7 Waste Heat Boiler,70Z401,Hydrogen cyanide,1,POUNDS,3.12,LBS/HR,38336,29.18161,-95.4993375,county_centroid
116382,CLOSED,FINAL,11/8/2008,ZOLTEK CORPORATION,ZOLTEK,TAYLOR,EMISSIONS EVENT,11/5/2008 6:56,11/5/2008 7:12,Carbonization Thermal Oxidizer,12,Hydrogen cyanide,0.014,POUNDS,1e-05,POUNDS,35215,32.46479381,-99.82095533,census
117273,CLOSED,FINAL,12/3/2008,ZOLTEK CORPORATION,ZOLTEK,TAYLOR,EMISSIONS EVENT,12/2/2008 11:35,12/2/2008 11:46,Carbonization Thermal Oxidizer,42,Hydrogen cyanide,0.31452,POUNDS,1e-05,POUNDS,35215,32.46479381,-99.82095533,census
117274,CLOSED,FINAL,12/3/2008,ZOLTEK CORPORATION,ZOLTEK,TAYLOR,EMISSIONS EVENT,12/2/2008 12:23,12/2/2008 12:40,Carbonization Thermal Oxidizer,42,Hydrogen cyanide,1.69567,POUNDS,1e-05,POUNDS,35215,32.46479381,-99.82095533,census
117275,CLOSED,FINAL,12/3/2008,ZOLTEK CORPORATION,ZOLTEK,TAYLOR,EMISSIONS EVENT,12/2/2008 12:50,12/2/2008 12:57,Carbonization Thermal Oxidizer,42,Hydrogen cyanide,0.00545,POUNDS,1e-05,POUNDS,35215,32.46479381,-99.82095533,census
117276,CLOSED,FINAL,12/3/2008,ZOLTEK CORPORATION,ZOLTEK,TAYLOR,EMISSIONS EVENT,12/2/2008 13:21,12/2/2008 13:33,Carbonization Thermal Oxidizer,42,Hydrogen cyanide,0.0118,POUNDS,1e-05,POUNDS,35215,32.46479381,-99.82095533,census
117277,CLOSED,FINAL,12/3/2008,ZOLTEK CORPORATION,ZOLTEK,TAYLOR,EMISSIONS EVENT,12/2/2008 9:00,12/2/2008 9:10,Carbonization Thermal Oxidizer,12,Hydrogen cyanide,1.96524,POUNDS,1e-05,POUNDS,35215,32.46479381,-99.82095533,census
117870,CLOSED,FINAL,12/30/2008,ROHM AND HAAS TEXAS INCORPORATED,ROHM AND HAAS TEXAS DEER PARK PLANT,HARRIS,EMISSIONS EVENT,12/17/2008 9:30,12/17/2008 12:26,N-5 Flare,N-17,Hydrogen cyanide,50.51,POUNDS,0,,723,29.732399,-95.104035,mapbox
118103,CLOSED,FINAL,1/5/2009,LUCITE INTERNATIONAL INC,MCA BEAUMONT SITE,JEFFERSON,EMISSIONS EVENT,12/23/2008 21:00,12/24/2008 6:30,ACH Process Fugitives,ACH-FPRCBL,Hydrogen cyanide,25.65,POUNDS,0.71,LBS/HR,19004,30.01071425,-94.03442144,census
118358,CLOSED,FINAL,1/5/2009,TOKAI CARBON CB LTD,BIG SPRING CARBON BLACK PLANT,HOWARD,EMISSIONS EVENT,1/2/2009 16:51,1/2/2009 18:40,Bag Filter Stack U2,Flare 2,Hydrogen cyanide,2.639,POUNDS,0,,6580/PSD-TX-151,32.278741,-101.408676,mapbox
118358,CLOSED,FINAL,1/5/2009,TOKAI CARBON CB LTD,BIG SPRING CARBON BLACK PLANT,HOWARD,EMISSIONS EVENT,1/2/2009 16:51,1/2/2009 18:40,Bag Filter Stack U3,Flare 3,Hydrogen cyanide,2.91,POUNDS,0,,6580/PSD-TX-151,32.278741,-101.408676,mapbox
118545,CLOSED,FINAL,1/22/2009,EXXON MOBIL REFINING AND SUPPLY COMPANY,EXXONMOBIL BAYTOWN REFINERY,HARRIS,EMISSIONS EVENT,1/7/2009 4:16,1/8/2009 14:16,FCCU3 Bypass Stack,N/A,Hydrogen cyanide,13,POUNDS,0,,Not specifically authorized,29.756373,-94.991395,mapbox
118545,CLOSED,FINAL,1/22/2009,EXXON MOBIL REFINING AND SUPPLY COMPANY,EXXONMOBIL BAYTOWN REFINERY,HARRIS,EMISSIONS EVENT,1/7/2009 4:16,1/8/2009 14:16,FCCU3 Wet Gas Scrubber,FCCU3WGS,Hydrogen cyanide,371,POUNDS,6014.44,LBS/HR,Not specifically authorized,29.756373,-94.991395,mapbox
119034,CLOSED,FINAL,1/18/2009,ZOLTEK CORPORATION,ZOLTEK,TAYLOR,EMISSIONS EVENT,1/16/2009 17:12,1/16/2009 17:36,Carbonization Thermal Oxidizer,42,Hydrogen cyanide,1.8373,POUNDS,1e-05,POUNDS,35215,32.46479381,-99.82095533,census
119100,CLOSED,FINAL,1/29/2009,LUCITE INTERNATIONAL INC,MCA BEAUMONT SITE,JEFFERSON,EMISSIONS EVENT,1/19/2009 16:54,1/19/2009 17:28,Vapor Combustor,ACR-VC51,Hydrogen cyanide,2,POUNDS,4,POUNDS,1743,30.01071425,-94.03442144,census
119117,CLOSED,FINAL,1/31/2009,ZOLTEK CORPORATION,ZOLTEK,TAYLOR,EMISSIONS EVENT,1/20/2009 12:49,1/20/2009 13:17,Carbonization Thermal Oxidizer,32,Hydrogen cyanide,3.61282,POUNDS,1e-05,POUNDS,35215,32.46479381,-99.82095533,census
119391,CLOSED,FINAL,2/10/2009,EXXON MOBIL REFINING AND SUPPLY COMPANY,EXXONMOBIL BAYTOWN REFINERY,HARRIS,EMISSIONS EVENT,1/26/2009 20:10,1/28/2009 9:47,FCCU3 Wet Gas Scrubber,FCCU3WGS,Hydrogen cyanide,1,POUNDS,6014.44,LBS/HR,1lbs authorized by PAL 18287,29.756373,-94.991395,mapbox
119813,CLOSED,FINAL,4/23/2009,ROHM AND HAAS TEXAS INCORPORATED,ROHM AND HAAS TEXAS DEER PARK PLANT,HARRIS,EMISSIONS EVENT,2/5/2009 15:50,2/5/2009 15:55,N-5,N-UP,Hydrogen cyanide,44.6,LBS/HR,0,,723,29.732399,-95.104035,mapbox
119915,CLOSED,FINAL,2/22/2009,ZOLTEK CORPORATION,ZOLTEK,TAYLOR,EMISSIONS EVENT,2/7/2009 20:30,2/7/2009 22:20,Carbonization Thermal Oxidizer,12,Hydrogen cyanide,0.06732,POUNDS,1e-05,POUNDS,35215,32.46479381,-99.82095533,census
120080,CLOSED,FINAL,2/22/2009,ZOLTEK CORPORATION,ZOLTEK,TAYLOR,EMISSIONS EVENT,2/12/2009 10:00,2/12/2009 10:12,Carbonization Thermal Oxidizer,12,Hydrogen cyanide,0.00719,POUNDS,1e-05,POUNDS,35215,32.46479381,-99.82095533,census
120022,CLOSED,FINAL,2/27/2009,EXXON MOBIL REFINING AND SUPPLY COMPANY,EXXONMOBIL BAYTOWN REFINERY,HARRIS,AIR STARTUP,2/13/2009 19:00,2/15/2009 16:00,FCCU2 Wet Gas Scrubber,FCCU2WGS,Hydrogen cyanide,18.5,POUNDS,6014.44,LBS/HR,18.5 lbs of 18.5 are authorized by PAL Permit 18287/PSD-TX-730M4,29.756373,-94.991395,mapbox
120159,CLOSED,FINAL,2/26/2009,ZOLTEK CORPORATION,ZOLTEK,TAYLOR,EMISSIONS EVENT,2/13/2009 9:10,2/13/2009 9:50,Carbonization Thermal Oxidizer,12,Hydrogen cyanide,14.92459,POUNDS,1e-05,POUNDS,35215,32.46479381,-99.82095533,census
120491,CLOSED,FINAL,3/6/2009,LUCITE INTERNATIONAL INC,MCA BEAUMONT SITE,JEFFERSON,EMISSIONS EVENT,2/23/2009 6:30,2/23/2009 9:20,ACH Process Fugitives,ACH-FPRCBL,Hydrogen cyanide,9.12,POUNDS,0.71,LBS/HR,19004,30.01071425,-94.03442144,census
120676,CLOSED,FINAL,3/3/2009,INV PERFORMANCE SURFACES LLC,INV NYLON CHEMICALS AMERICAS VICTORIA SITE,VICTORIA,EMISSIONS EVENT,2/25/2009 15:39,2/25/2009 15:40,ADN No. 4 HCN Converter Rupture Disc,10FUG,Hydrogen cyanide,13.35,POUNDS,0,,"Permit 7186, PSD-TX-1079",28.68846258,-96.94182773,census
121025,CLOSED,FINAL,3/13/2009,EXXON MOBIL REFINING AND SUPPLY COMPANY,EXXONMOBIL BAYTOWN REFINERY,HARRIS,EMISSIONS EVENT,3/6/2009 17:48,3/6/2009 20:31,FCCU3 Bypass Stack,N/A,Hydrogen cyanide,4,POUNDS,0,,NOT SPECIFICALLY AUTHORIZED,29.756373,-94.991395,mapbox
121025,CLOSED,FINAL,3/13/2009,EXXON MOBIL REFINING AND SUPPLY COMPANY,EXXONMOBIL BAYTOWN REFINERY,HARRIS,EMISSIONS EVENT,3/6/2009 17:48,3/6/2009 20:31,FCCU3 Wet Gas Scrubber,FCCU3WGS,Hydrogen cyanide,45,POUNDS,6010.61,LBS/HR,NOT SPECIFICALLY AUTHORIZED,29.756373,-94.991395,mapbox
121206,CLOSED,FINAL,4/16/2009,INV PERFORMANCE SURFACES LLC,INV NYLON CHEMICALS AMERICAS VICTORIA SITE,VICTORIA,EMISSIONS EVENT,3/11/2009 16:00,4/5/2009 15:00,ADN Op Flare,10FLR-005,Hydrogen cyanide,3973.16,POUNDS,0,,Permit 7186 and PSD-TX-1079,28.68846258,-96.94182773,census
121206,CLOSED,FINAL,4/16/2009,INV PERFORMANCE SURFACES LLC,INV NYLON CHEMICALS AMERICAS VICTORIA SITE,VICTORIA,EMISSIONS EVENT,3/11/2009 16:00,4/5/2009 15:00,No 1 Converter Startup Flare,10FLR-001,Hydrogen cyanide,60.45,POUNDS,0,,Permit 7186 and PSD-TX-1079,28.68846258,-96.94182773,census
121206,CLOSED,FINAL,4/16/2009,INV PERFORMANCE SURFACES LLC,INV NYLON CHEMICALS AMERICAS VICTORIA SITE,VICTORIA,EMISSIONS EVENT,3/11/2009 16:00,4/5/2009 15:00,No 2 Converter Startup Flare,10FLR-002,Hydrogen cyanide,77,POUNDS,0,,Permit 7186 and PSD-TX-1079,28.68846258,-96.94182773,census
121206,CLOSED,FINAL,4/16/2009,INV PERFORMANCE SURFACES LLC,INV NYLON CHEMICALS AMERICAS VICTORIA SITE,VICTORIA,EMISSIONS EVENT,3/11/2009 16:00,4/5/2009 15:00,No 3 Converter Startup Flare,10FLR-003,Hydrogen cyanide,90.7,POUNDS,0,,Permit 7186 and PSD-TX-1079,28.68846258,-96.94182773,census
121206,CLOSED,FINAL,4/16/2009,INV PERFORMANCE SURFACES LLC,INV NYLON CHEMICALS AMERICAS VICTORIA SITE,VICTORIA,EMISSIONS EVENT,3/11/2009 16:00,4/5/2009 15:00,No 4 Converter Startup Flare,10FLR-003A,Hydrogen cyanide,85.14,POUNDS,0,,Permit 7186 and PSD-TX-1079,28.68846258,-96.94182773,census
123482,CLOSED,FINAL,5/13/2009,EXXON MOBIL REFINING AND SUPPLY COMPANY,EXXONMOBIL BAYTOWN REFINERY,HARRIS,AIR SHUTDOWN,4/29/2009 7:36,4/29/2009 18:21,FCCU3 - Wet Gas Scrubber,FCCU3WGS,Hydrogen cyanide,5,POUNDS,6014.44,LBS/HR,portion of HCN is authorized  PAL Permit 18287/PSD-TX-730M4,29.756373,-94.991395,mapbox
123795,CLOSED,FINAL,5/15/2009,EXXON MOBIL REFINING AND SUPPLY COMPANY,EXXONMOBIL BAYTOWN REFINERY,HARRIS,EMISSIONS EVENT,5/4/2009 8:41,5/5/2009 17:05,FCCU3 Bypass Stack,N/A,Hydrogen cyanide,88,POUNDS,0,,Not specifically authorized,29.756373,-94.991395,mapbox
123795,CLOSED,FINAL,5/15/2009,EXXON MOBIL REFINING AND SUPPLY COMPANY,EXXONMOBIL BAYTOWN REFINERY,HARRIS,EMISSIONS EVENT,5/4/2009 8:41,5/5/2009 17:05,FCCU3 Wet Gas Scrubber,FCCU3WGS,Hydrogen cyanide,5,POUNDS,6014.44,LBS/HR,Not specifically authorized,29.756373,-94.991395,mapbox
125813,CLOSED,FINAL,6/24/2009,EXXON MOBIL REFINING AND SUPPLY COMPANY,EXXONMOBIL BAYTOWN REFINERY,HARRIS,AIR STARTUP,6/19/2009 11:00,6/20/2009 18:00,FCCU3 - Wet Gas Scrubber,FCCU3WGS,Hydrogen cyanide,4,POUNDS,6010.61,LBS/HR,portion of HCN is authorized  PAL Permit 18287/PSD-TX-730M4,29.756373,-94.991395,mapbox
125838,CLOSED,FINAL,6/30/2009,EXXON MOBIL REFINING AND SUPPLY COMPANY,EXXONMOBIL BAYTOWN REFINERY,HARRIS,EMISSIONS EVENT,6/21/2009 9:24,6/22/2009 18:40,FCCU3 Bypass Stack,N/A,Hydrogen cyanide,1,POUNDS,0,,NOT SPECIFICALLY AUTHORIZED,29.756373,-94.991395,mapbox
125838,CLOSED,FINAL,6/30/2009,EXXON MOBIL REFINING AND SUPPLY COMPANY,EXXONMOBIL BAYTOWN REFINERY,HARRIS,EMISSIONS EVENT,6/21/2009 9:24,6/22/2009 18:40,FCCU3 Wet Gas Scrubber,FCCU3WGS,Hydrogen cyanide,56,POUNDS,6010.61,LBS/HR,NOT SPECIFICALLY AUTHORIZED,29.756373,-94.991395,mapbox
110434,CLOSED,FINAL,7/11/2008,LUCITE INTERNATIONAL INC,MCA BEAUMONT SITE,JEFFERSON,EMISSIONS EVENT,6/29/2009 21:00,7/1/2009 10:30,Reactor Fugitive Area - East Flange,ACR-FRX,Hydrogen cyanide,199,POUNDS,0,,Permit 1743,30.01071425,-94.03442144,census
110434,CLOSED,FINAL,7/11/2008,LUCITE INTERNATIONAL INC,MCA BEAUMONT SITE,JEFFERSON,EMISSIONS EVENT,6/29/2009 21:00,7/1/2009 10:30,Reactor Fugitive Area - West Flange,ACR-FRX,Hydrogen cyanide,33.17,POUNDS,0,,Permit 1743,30.01071425,-94.03442144,census
126619,CLOSED,FINAL,7/22/2009,EXXON MOBIL REFINING AND SUPPLY COMPANY,EXXONMOBIL BAYTOWN REFINERY,HARRIS,AIR SHUTDOWN,7/10/2009 8:53,7/10/2009 9:53,FCCU3 - Wet Gas Scrubber,FCCU3WGS,Hydrogen cyanide,1,POUNDS,6010.61,LBS/HR,1 lb out of 1 lb is authorized  PAL Permit 18287/PSD-TX-730M4,29.756373,-94.991395,mapbox
126994,CLOSED,FINAL,7/31/2009,ASCEND PERFORMANCE MATERIALS OPERATIONS LLC,ASCEND PERFORMANCE MATERIALS CHOCOLATE BAYOU PLANT,BRAZORIA,EMISSIONS EVENT,7/19/2009 12:23,7/19/2009 15:11,70Z404 AN7 AOG Vent,70Z404,Hydrogen cyanide,22,POUNDS,0,,No Specific Authorization,29.18161,-95.4993375,county_centroid
127172,CLOSED,FINAL,8/11/2009,INV PERFORMANCE SURFACES LLC,INV NYLON CHEMICALS AMERICAS ORANGE SITE,ORANGE,EMISSIONS EVENT,7/22/2009 15:00,7/29/2009 2:51,BUILDING 3030 FUGITIVES,PH-401,Hydrogen cyanide,0.3,POUNDS,0,,NSR #1302 & PSD-TX-1085,30.05703471,-93.7577447,census
127172,CLOSED,FINAL,8/11/2009,INV PERFORMANCE SURFACES LLC,INV NYLON CHEMICALS AMERICAS ORANGE SITE,ORANGE,EMISSIONS EVENT,7/22/2009 15:00,7/29/2009 2:51,BUILDING 3092 FUGITIVES,PA406,Hydrogen cyanide,0.4,POUNDS,0,,NSR #1302 & PSD-TX-1085,30.05703471,-93.7577447,census
127416,CLOSED,FINAL,8/11/2009,EXXON MOBIL CORPORATION,EXXONMOBIL CHEMICAL BAYTOWN CHEMICAL PLANT,HARRIS,EMISSIONS EVENT,7/28/2009 21:40,7/28/2009 22:12,Flare Stack #28,FS28,Hydrogen cyanide,0.29,POUNDS,0.1,LBS/HR,0.1 lbs of the 0.29 lbs are authorized (Permit #36476),29.735007,-95.022704,mapbox
127838,CLOSED,FINAL,8/21/2009,EXXON MOBIL REFINING AND SUPPLY COMPANY,EXXONMOBIL BAYTOWN REFINERY,HARRIS,EMISSIONS EVENT,8/6/2009 14:54,8/7/2009 16:11,FCCU3 Bypass Stack,Bypass Stack,Hydrogen cyanide,71,POUNDS,6010.61,LBS/HR,Not specifically authorized,29.756373,-94.991395,mapbox
127838,CLOSED,FINAL,8/21/2009,EXXON MOBIL REFINING AND SUPPLY COMPANY,EXXONMOBIL BAYTOWN REFINERY,HARRIS,EMISSIONS EVENT,8/6/2009 14:54,8/7/2009 16:11,FCCU3 D505,FCCU3 WGS,Hydrogen cyanide,19,POUNDS,0,,Not specifically Authorized,29.756373,-94.991395,mapbox
127627,CLOSED,INITIAL,8/3/2009,LUCITE INTERNATIONAL INC,MCA BEAUMONT SITE,JEFFERSON,MAINTENANCE,8/14/2009 6:00,8/24/2009 6:00,CRUDE / OFF-TEST SCRUBBER,ACR-ABS159,Hydrogen cyanide,1000,POUNDS,0.75,LBS/HR,1743,30.01071425,-94.03442144,census
127627,CLOSED,INITIAL,8/3/2009,LUCITE INTERNATIONAL INC,MCA BEAUMONT SITE,JEFFERSON,MAINTENANCE,8/14/2009 6:00,8/24/2009 6:00,CRUDE ACE TANK SCRUBBER,ACR-ABS59,Hydrogen cyanide,10,POUNDS,0.02,LBS/HR,1743,30.01071425,-94.03442144,census
128993,CLOSED,FINAL,9/15/2009,GEO SPECIALTY CHEMICALS INC,GEO SPECIALTY CHEMICALS,HARRIS,MAINTENANCE,9/7/2009 7:00,9/12/2009 7:00,HCN Scrubber,172,Hydrogen cyanide,1e-05,POUNDS,0.026,LBS/HR,8052,29.71648,-95.09278,mapbox
129349,CLOSED,FINAL,9/25/2009,EXXON MOBIL REFINING AND SUPPLY COMPANY,EXXONMOBIL BAYTOWN REFINERY,HARRIS,AIR SHUTDOWN,9/15/2009 8:27,9/15/2009 18:12,FCCU3 Bypass Stack,N/A,Hydrogen cyanide,0.001,POUNDS,0,,NOT SPECIFICALLY AUTHORIZED,29.756373,-94.991395,mapbox
129349,CLOSED,FINAL,9/25/2009,EXXON MOBIL REFINING AND SUPPLY COMPANY,EXXONMOBIL BAYTOWN REFINERY,HARRIS,AIR SHUTDOWN,9/15/2009 8:27,9/15/2009 18:12,FCCU3 Wet Gas Scrubber,FCCU3WGS,Hydrogen cyanide,5.5,POUNDS,6010.61,LBS/HR,Not Specifically Authorized,29.756373,-94.991395,mapbox
129824,CLOSED,FINAL,10/7/2009,ASCEND PERFORMANCE MATERIALS OPERATIONS LLC,ASCEND PERFORMANCE MATERIALS CHOCOLATE BAYOU PLANT,BRAZORIA,EMISSIONS EVENT,9/23/2009 2:13,9/23/2009 8:06,AN2 Waste Heat Boiler,30H5,Hydrogen cyanide,294,POUNDS,1.56,LBS/HR,NSR 18251,29.18161,-95.4993375,county_centroid
129824,CLOSED,FINAL,10/7/2009,ASCEND PERFORMANCE MATERIALS OPERATIONS LLC,ASCEND PERFORMANCE MATERIALS CHOCOLATE BAYOU PLANT,BRAZORIA,EMISSIONS EVENT,9/23/2009 2:13,9/23/2009 8:06,AN7 Process Flare,70Z522,Hydrogen cyanide,268,POUNDS,0.28,LBS/HR,TX NSR 38336,29.18161,-95.4993375,county_centroid
129824,CLOSED,FINAL,10/7/2009,ASCEND PERFORMANCE MATERIALS OPERATIONS LLC,ASCEND PERFORMANCE MATERIALS CHOCOLATE BAYOU PLANT,BRAZORIA,EMISSIONS EVENT,9/23/2009 2:13,9/23/2009 8:06,AN7 Waste Heat Boiler,70Z401,Hydrogen cyanide,957,POUNDS,3.12,LBS/HR,TX NSR 38336,29.18161,-95.4993375,county_centroid
129931,CLOSED,FINAL,10/8/2009,ASCEND PERFORMANCE MATERIALS OPERATIONS LLC,ASCEND PERFORMANCE MATERIALS CHOCOLATE BAYOU PLANT,BRAZORIA,EMISSIONS EVENT,9/25/2009 12:20,9/25/2009 21:50,AN7 Waste Heat Boiler,70Z401,Hydrogen cyanide,687,POUNDS,3.12,LBS/HR,TX NSR 38336,29.18161,-95.4993375,county_centroid
130507,CLOSED,FINAL,10/29/2009,GEO SPECIALTY CHEMICALS INC,GEO SPECIALTY CHEMICALS,HARRIS,MAINTENANCE,10/10/2009 18:00,10/19/2009 18:00,(Glycine) Unit HCN Scrubber,172,Hydrogen cyanide,1e-05,POUNDS,0.026,LBS/HR,8052,29.71648,-95.09278,mapbox
131390,CLOSED,FINAL,11/13/2009,ASCEND PERFORMANCE MATERIALS OPERATIONS LLC,ASCEND PERFORMANCE MATERIALS CHOCOLATE BAYOU PLANT,BRAZORIA,EMISSIONS EVENT,11/1/2009 10:25,11/1/2009 11:30,Feedstock Hydrolyzate Storage Tank,43T9-3,Hydrogen cyanide,0.46,POUNDS,0,,TX NSR 8372,29.18161,-95.4993375,county_centroid
131744,CLOSED,FINAL,11/9/2009,ZOLTEK CORPORATION,ZOLTEK,TAYLOR,AIR SHUTDOWN,11/7/2009 15:40,11/7/2009 16:20,CarbonizationThermal Oxidizer,32,Hydrogen cyanide,7.35634,POUNDS,1e-05,LBS/HR,35215,32.46479381,-99.82095533,census
132400,CLOSED,FINAL,12/8/2009,EXXON MOBIL REFINING AND SUPPLY COMPANY,EXXONMOBIL BAYTOWN REFINERY,HARRIS,AIR STARTUP,11/25/2009 7:59,11/26/2009 21:00,FCCU3 Wet Gas Scrubber,FCCU3WGS,Hydrogen cyanide,150,POUNDS,6010.61,LBS/HR,Not Specifically Authorized,29.756373,-94.991395,mapbox
133366,CLOSED,FINAL,1/18/2010,GEO SPECIALTY CHEMICALS INC,GEO SPECIALTY CHEMICALS,HARRIS,MAINTENANCE,12/20/2009 6:00,1/18/2010 6:00,(Glycine) Unit HCN Scrubber,172,Hydrogen cyanide,1e-05,POUNDS,0.026,LBS/HR,8052,29.71648,-95.09278,mapbox
133366,CLOSED,FINAL,1/18/2010,GEO SPECIALTY CHEMICALS INC,GEO SPECIALTY CHEMICALS,HARRIS,MAINTENANCE,12/20/2009 6:00,1/18/2010 6:00,HCN Storage Tank Scrubber,237,Hydrogen cyanide,1e-05,POUNDS,0.0009,LBS/HR,8052,29.71648,-95.09278,mapbox
133644,CLOSED,FINAL,1/4/2010,EXXON MOBIL CORPORATION,EXXONMOBIL CHEMICAL BAYTOWN CHEMICAL PLANT,HARRIS,EMISSIONS EVENT,12/23/2009 5:00,12/23/2009 17:00,Flare Stack 28,FS28,Hydrogen cyanide,3.64,POUNDS,3.31,LBS/HR,3.64 lbs of the 3.64 lbs are authorized (Permit #36476),29.735007,-95.022704,mapbox
133775,CLOSED,FINAL,12/30/2009,EXXON MOBIL CORPORATION,EXXONMOBIL CHEMICAL BAYTOWN CHEMICAL PLANT,HARRIS,AIR STARTUP,12/28/2009 16:00,12/28/2009 18:00,Flare Stack 28 - SGU emissions,FS28,Hydrogen cyanide,0.95,POUNDS,3.31,LBS/HR,RETRACTED AS NON REPORTABLE,29.735007,-95.022704,mapbox
134539,CLOSED,FINAL,1/28/2010,ROHM AND HAAS TEXAS INCORPORATED,ROHM AND HAAS TEXAS DEER PARK PLANT,HARRIS,EMISSIONS EVENT,1/15/2010 4:19,1/15/2010 8:42,N-5/6 Flare,N-17,Hydrogen cyanide,81,POUNDS,16.96,TONS/YR,NSR 723 and PSD-TX-828M1,29.732399,-95.104035,mapbox
135182,CLOSED,FINAL,3/1/2010,INV PERFORMANCE SURFACES LLC,INV NYLON CHEMICALS AMERICAS ORANGE SITE,ORANGE,EMISSIONS EVENT,1/28/2010 21:45,2/2/2010 21:00,ADN OPERATING FLARE,PH3,Hydrogen cyanide,368,POUNDS,0,,NSR #1302 & PSD-TX-1085,30.05703471,-93.7577447,census
135182,CLOSED,FINAL,3/1/2010,INV PERFORMANCE SURFACES LLC,INV NYLON CHEMICALS AMERICAS ORANGE SITE,ORANGE,EMISSIONS EVENT,1/28/2010 21:45,2/2/2010 21:00,HCN STARTUP FLARE,PH2,Hydrogen cyanide,1.1,POUNDS,0,,NSR #1302 & PSD-TX-1085,30.05703471,-93.7577447,census
136048,CLOSED,FINAL,3/1/2010,INV PERFORMANCE SURFACES LLC,INV NYLON CHEMICALS AMERICAS ORANGE SITE,ORANGE,EMISSIONS EVENT,2/18/2010 1:55,2/18/2010 7:10,AMMONIA FLARE,PH70,Hydrogen cyanide,0.17,POUNDS,0,,NSR#1302 & PSD-TX-1085,30.05703471,-93.7577447,census
136048,CLOSED,FINAL,3/1/2010,INV PERFORMANCE SURFACES LLC,INV NYLON CHEMICALS AMERICAS ORANGE SITE,ORANGE,EMISSIONS EVENT,2/18/2010 1:55,2/18/2010 7:10,BUILDING 3030 FUGITIVES,PH401,Hydrogen cyanide,9,POUNDS,0,,NSR#1302 & PSD-TX-1085,30.05703471,-93.7577447,census
136048,CLOSED,FINAL,3/1/2010,INV PERFORMANCE SURFACES LLC,INV NYLON CHEMICALS AMERICAS ORANGE SITE,ORANGE,EMISSIONS EVENT,2/18/2010 1:55,2/18/2010 7:10,HCN STARTUP FLARE,PH2,Hydrogen cyanide,0.71,POUNDS,0,,NSR#1302 & PSD-TX-1085,30.05703471,-93.7577447,census
136214,CLOSED,FINAL,3/9/2010,INV PERFORMANCE SURFACES LLC,INV NYLON CHEMICALS AMERICAS VICTORIA SITE,VICTORIA,EMISSIONS EVENT,2/22/2010 12:30,2/24/2010 10:26,# 1 Converter Startup Flare,10FLR-001,Hydrogen cyanide,104.4,POUNDS,0,,NSR Permit 7186,28.68846258,-96.94182773,census
136214,CLOSED,FINAL,3/9/2010,INV PERFORMANCE SURFACES LLC,INV NYLON CHEMICALS AMERICAS VICTORIA SITE,VICTORIA,EMISSIONS EVENT,2/22/2010 12:30,2/24/2010 10:26,#2 Converter Startup Flare,10FLR-002,Hydrogen cyanide,32.99,POUNDS,0,,NSR Permit 7186,28.68846258,-96.94182773,census
136214,CLOSED,FINAL,3/9/2010,INV PERFORMANCE SURFACES LLC,INV NYLON CHEMICALS AMERICAS VICTORIA SITE,VICTORIA,EMISSIONS EVENT,2/22/2010 12:30,2/24/2010 10:26,#4 Converter Startup Flare,10FL-003A,Hydrogen cyanide,0.03,POUNDS,0,,NSR Permit 7186,28.68846258,-96.94182773,census
136214,CLOSED,FINAL,3/9/2010,INV PERFORMANCE SURFACES LLC,INV NYLON CHEMICALS AMERICAS VICTORIA SITE,VICTORIA,EMISSIONS EVENT,2/22/2010 12:30,2/24/2010 10:26,ADN Operating Flare,10FLR-005,Hydrogen cyanide,7.79,POUNDS,0,,NSR Permit 7186,28.68846258,-96.94182773,census
136034,CLOSED,FINAL,4/5/2010,GEO SPECIALTY CHEMICALS INC,GEO SPECIALTY CHEMICALS,HARRIS,MAINTENANCE,2/25/2010 6:00,4/1/2010 8:00,(Glycine) Unit HCN Scrubber,172,Hydrogen cyanide,1e-05,POUNDS,0.026,LBS/HR,8052,29.71648,-95.09278,mapbox
136034,CLOSED,FINAL,4/5/2010,GEO SPECIALTY CHEMICALS INC,GEO SPECIALTY CHEMICALS,HARRIS,MAINTENANCE,2/25/2010 6:00,4/1/2010 8:00,HCN Tank Scrubber,237,Hydrogen cyanide,1e-05,POUNDS,0.0009,LBS/HR,8052,29.71648,-95.09278,mapbox
136679,CLOSED,FINAL,3/17/2010,INV PERFORMANCE SURFACES LLC,INV NYLON CHEMICALS AMERICAS VICTORIA SITE,VICTORIA,EMISSIONS EVENT,3/6/2010 16:50,3/6/2010 17:02,#2 Converter,10RSY219-2,Hydrogen cyanide,14.24,POUNDS,0,,NSR Permit 7186,28.68846258,-96.94182773,census
137287,CLOSED,FINAL,3/31/2010,INV PERFORMANCE SURFACES LLC,INV NYLON CHEMICALS AMERICAS ORANGE SITE,ORANGE,EMISSIONS EVENT,3/20/2010 14:26,3/20/2010 18:19,HCN STARTUP FLARE,PH2,Hydrogen cyanide,27.99,POUNDS,0,,NSR#1302 & PSD-TX-1085,30.05703471,-93.7577447,census
138611,CLOSED,FINAL,4/30/2010,EXXON MOBIL REFINING AND SUPPLY COMPANY,EXXONMOBIL BAYTOWN REFINERY,HARRIS,EMISSIONS EVENT,4/16/2010 15:34,4/18/2010 13:45,Wet Gas Scrubber,FCCU3WGS,Hydrogen cyanide,58.79,POUNDS,6010.61,LBS/HR,Not specifically authorized.,29.756373,-94.991395,mapbox
138801,CLOSED,FINAL,5/5/2010,ASCEND PERFORMANCE MATERIALS OPERATIONS LLC,ASCEND PERFORMANCE MATERIALS CHOCOLATE BAYOU PLANT,BRAZORIA,EMISSIONS EVENT,4/22/2010 12:53,4/22/2010 15:04,AN2 Waste Heat Boiler,30H5,Hydrogen cyanide,163,POUNDS,1.56,LBS/HR,NSR 18251,29.18161,-95.4993375,county_centroid
139586,CLOSED,FINAL,6/18/2010,GEO SPECIALTY CHEMICALS INC,GEO SPECIALTY CHEMICALS,HARRIS,MAINTENANCE,5/18/2010 6:00,6/13/2010 6:00,(Glycine) Unit HCN Scrubber,172,Hydrogen cyanide,1e-05,POUNDS,0.026,LBS/HR,8052,29.71648,-95.09278,mapbox
139586,CLOSED,FINAL,6/18/2010,GEO SPECIALTY CHEMICALS INC,GEO SPECIALTY CHEMICALS,HARRIS,MAINTENANCE,5/18/2010 6:00,6/13/2010 6:00,HCN Tank Scrubber,237,Hydrogen cyanide,1e-05,POUNDS,0.0009,LBS/HR,8052,29.71648,-95.09278,mapbox
140206,CLOSED,FINAL,6/8/2010,INV PERFORMANCE SURFACES LLC,INV NYLON CHEMICALS AMERICAS ORANGE SITE,ORANGE,EMISSIONS EVENT,5/25/2010 17:39,5/26/2010 11:33,ADN NORTH BOILER,PF41,Hydrogen cyanide,0.65,POUNDS,0,,NSR #1302 & PSD-TX-1085,30.05703471,-93.7577447,census
140206,CLOSED,FINAL,6/8/2010,INV PERFORMANCE SURFACES LLC,INV NYLON CHEMICALS AMERICAS ORANGE SITE,ORANGE,EMISSIONS EVENT,5/25/2010 17:39,5/26/2010 11:33,ADN OPERATING FLARE,PH3,Hydrogen cyanide,37.8,POUNDS,0,,NSR #1302 & PSD-TX-1085,30.05703471,-93.7577447,census
140206,CLOSED,FINAL,6/8/2010,INV PERFORMANCE SURFACES LLC,INV NYLON CHEMICALS AMERICAS ORANGE SITE,ORANGE,EMISSIONS EVENT,5/25/2010 17:39,5/26/2010 11:33,ADN SOUTH BOILER,PF40,Hydrogen cyanide,0.65,POUNDS,0,,NSR #1302 & PSD-TX-1085,30.05703471,-93.7577447,census
140206,CLOSED,FINAL,6/8/2010,INV PERFORMANCE SURFACES LLC,INV NYLON CHEMICALS AMERICAS ORANGE SITE,ORANGE,EMISSIONS EVENT,5/25/2010 17:39,5/26/2010 11:33,HCN STARTUP FLARE,PH2,Hydrogen cyanide,2,POUNDS,0,,NSR #1302 & PSD-TX-1085,30.05703471,-93.7577447,census
140943,CLOSED,FINAL,6/24/2010,INV PERFORMANCE SURFACES LLC,INV NYLON CHEMICALS AMERICAS ORANGE SITE,ORANGE,EMISSIONS EVENT,6/9/2010 11:10,6/10/2010 0:26,AMMONIA FLARE,PH70,Hydrogen cyanide,1.63,POUNDS,0,,1302 & PSD-TX-1085,30.05703471,-93.7577447,census
141365,CLOSED,FINAL,7/1/2010,ASCEND PERFORMANCE MATERIALS OPERATIONS LLC,ASCEND PERFORMANCE MATERIALS CHOCOLATE BAYOU PLANT,BRAZORIA,EMISSIONS EVENT,6/19/2010 18:20,6/19/2010 19:44,AN 2 Waste Heat Boiler,30H5,Hydrogen cyanide,303,POUNDS,1.56,LBS/HR,NSR 18251,29.18161,-95.4993375,county_centroid
141365,CLOSED,FINAL,7/1/2010,ASCEND PERFORMANCE MATERIALS OPERATIONS LLC,ASCEND PERFORMANCE MATERIALS CHOCOLATE BAYOU PLANT,BRAZORIA,EMISSIONS EVENT,6/19/2010 18:20,6/19/2010 19:44,AN 7 Process Flare,70Z522,Hydrogen cyanide,238,POUNDS,0.28,LBS/HR,NSR 38336,29.18161,-95.4993375,county_centroid
142073,CLOSED,FINAL,8/11/2010,GEO SPECIALTY CHEMICALS INC,GEO SPECIALTY CHEMICALS,HARRIS,MAINTENANCE,7/16/2010 18:00,8/8/2010 6:00,(Glycine) Unit HCN Scrubber,172,Hydrogen cyanide,1e-05,POUNDS,0.026,LBS/HR,8052,29.71648,-95.09278,mapbox
142073,CLOSED,FINAL,8/11/2010,GEO SPECIALTY CHEMICALS INC,GEO SPECIALTY CHEMICALS,HARRIS,MAINTENANCE,7/16/2010 18:00,8/8/2010 6:00,HCN Tankfarm Scrubber,237,Hydrogen cyanide,1e-05,POUNDS,0.0009,LBS/HR,8052,29.71648,-95.09278,mapbox
142458,CLOSED,FINAL,8/1/2010,INV PERFORMANCE SURFACES LLC,INV NYLON CHEMICALS AMERICAS ORANGE SITE,ORANGE,EMISSIONS EVENT,7/18/2010 6:57,7/18/2010 11:03,ADN NORTH BOILER,PF41,Hydrogen cyanide,1.16,POUNDS,0,,NSR #1302 & PSD-TX-1085,30.05703471,-93.7577447,census
142458,CLOSED,FINAL,8/1/2010,INV PERFORMANCE SURFACES LLC,INV NYLON CHEMICALS AMERICAS ORANGE SITE,ORANGE,EMISSIONS EVENT,7/18/2010 6:57,7/18/2010 11:03,ADN OPERATING FLARE,PH3,Hydrogen cyanide,28.7,POUNDS,0,,1302 & PSD-TX-1085,30.05703471,-93.7577447,census
142458,CLOSED,FINAL,8/1/2010,INV PERFORMANCE SURFACES LLC,INV NYLON CHEMICALS AMERICAS ORANGE SITE,ORANGE,EMISSIONS EVENT,7/18/2010 6:57,7/18/2010 11:03,ADN SOUTH BOILER,PF40,Hydrogen cyanide,0.86,POUNDS,0,,1302 & PSD-TX-1085,30.05703471,-93.7577447,census
142700,CLOSED,FINAL,8/7/2010,INV PERFORMANCE SURFACES LLC,INV NYLON CHEMICALS AMERICAS ORANGE SITE,ORANGE,EMISSIONS EVENT,7/24/2010 16:45,7/24/2010 17:25,ADN OPERATING FLARE,PH3,Hydrogen cyanide,0.64,POUNDS,0,,1302 & PSD-TX-1085,30.05703471,-93.7577447,census
143029,CLOSED,FINAL,8/16/2010,INV PERFORMANCE SURFACES LLC,INV NYLON CHEMICALS AMERICAS ORANGE SITE,ORANGE,EMISSIONS EVENT,8/2/2010 7:48,8/2/2010 8:07,HCN STARTUP FLARE,PH2,Hydrogen cyanide,10.83,POUNDS,0,,1302 & PSD-TX-1085,30.05703471,-93.7577447,census
143835,CLOSED,FINAL,9/3/2010,INV PERFORMANCE SURFACES LLC,INV NYLON CHEMICALS AMERICAS ORANGE SITE,ORANGE,EMISSIONS EVENT,8/21/2010 11:53,8/21/2010 12:14,HCN STARTUP FLARE,PH2,Hydrogen cyanide,15.85,POUNDS,0,,1302 & PSD-TX-1085,30.05703471,-93.7577447,census
144384,CLOSED,FINAL,10/11/2010,GEO SPECIALTY CHEMICALS INC,GEO SPECIALTY CHEMICALS,HARRIS,MAINTENANCE,9/5/2010 6:00,10/6/2010 6:00,(Glycine) Unit HCN Scrubber,172,Hydrogen cyanide,1e-05,POUNDS,0.026,LBS/HR,8052,29.71648,-95.09278,mapbox
144384,CLOSED,FINAL,10/11/2010,GEO SPECIALTY CHEMICALS INC,GEO SPECIALTY CHEMICALS,HARRIS,MAINTENANCE,9/5/2010 6:00,10/6/2010 6:00,HCN Tank Scrubber,237,Hydrogen cyanide,1e-05,POUNDS,0.0009,LBS/HR,8052,29.71648,-95.09278,mapbox
144646,CLOSED,FINAL,9/23/2010,INV PERFORMANCE SURFACES LLC,INV NYLON CHEMICALS AMERICAS ORANGE SITE,ORANGE,EMISSIONS EVENT,9/9/2010 13:08,9/9/2010 20:21,ADN OPERATING FLARE,PH3,Hydrogen cyanide,39.08,POUNDS,0,,1302 & PSD-TX-1085,30.05703471,-93.7577447,census
144646,CLOSED,FINAL,9/23/2010,INV PERFORMANCE SURFACES LLC,INV NYLON CHEMICALS AMERICAS ORANGE SITE,ORANGE,EMISSIONS EVENT,9/9/2010 13:08,9/9/2010 20:21,HCN STARTUP FLARE,PH2,Hydrogen cyanide,0.5,POUNDS,0,,1302 & PSD-TX-1085,30.05703471,-93.7577447,census
144646,CLOSED,FINAL,9/23/2010,INV PERFORMANCE SURFACES LLC,INV NYLON CHEMICALS AMERICAS ORANGE SITE,ORANGE,EMISSIONS EVENT,9/9/2010 13:08,9/9/2010 20:21,NORTH ADN BOILER,PF41,Hydrogen cyanide,0.09,POUNDS,0,,O1897,30.05703471,-93.7577447,census
144646,CLOSED,FINAL,9/23/2010,INV PERFORMANCE SURFACES LLC,INV NYLON CHEMICALS AMERICAS ORANGE SITE,ORANGE,EMISSIONS EVENT,9/9/2010 13:08,9/9/2010 20:21,SOUTH ADN BOILER,PF40,Hydrogen cyanide,0.81,POUNDS,0,,O1897,30.05703471,-93.7577447,census
146940,CLOSED,FINAL,11/15/2010,EXXON MOBIL REFINING AND SUPPLY COMPANY,EXXONMOBIL BAYTOWN REFINERY,HARRIS,EMISSIONS EVENT,11/2/2010 2:00,11/2/2010 5:00,FCCU2 Wet Gas Scrubber,FCCU2WGS,Hydrogen cyanide,74,POUNDS,6010.61,LBS/HR,Portions of emissions may be authorized by Flex PAL Permit #18287/PSD-TX-730M-4.,29.756373,-94.991395,mapbox
147097,CLOSED,FINAL,11/18/2010,INV PERFORMANCE SURFACES LLC,INV NYLON CHEMICALS AMERICAS ORANGE SITE,ORANGE,EMISSIONS EVENT,11/5/2010 1:15,11/5/2010 6:20,ADN OPERATING FLARE,PH3,Hydrogen cyanide,25.41,POUNDS,0,,NSR #1302 & PSD-TX-1085,30.05703471,-93.7577447,census
147097,CLOSED,FINAL,11/18/2010,INV PERFORMANCE SURFACES LLC,INV NYLON CHEMICALS AMERICAS ORANGE SITE,ORANGE,EMISSIONS EVENT,11/5/2010 1:15,11/5/2010 6:20,START UP FLARE,PH2,Hydrogen cyanide,3.84,POUNDS,0,,1302 & PSD-TX-1085,30.05703471,-93.7577447,census
131709,CLOSED,FINAL,11/25/2009,GEO SPECIALTY CHEMICALS INC,GEO SPECIALTY CHEMICALS,HARRIS,MAINTENANCE,11/6/2010 17:00,11/16/2010 15:00,(Glycine) Unit HCN Scrubber,172,Hydrogen cyanide,1e-05,POUNDS,0.026,LBS/HR,8052,29.71648,-95.09278,mapbox
147288,CLOSED,FINAL,11/24/2010,EXXON MOBIL CORPORATION,EXXONMOBIL CHEMICAL BAYTOWN CHEMICAL PLANT,HARRIS,EMISSIONS EVENT,11/11/2010 5:03,11/11/2010 8:16,Flare Stack 28,FS28,Hydrogen cyanide,0.0001,POUNDS,3.31,LBS/HR,1.1 lbs of the 1.1 lbs are authorized (Permit #36476),29.735007,-95.022704,mapbox
147334,CLOSED,FINAL,12/7/2010,GEO SPECIALTY CHEMICALS INC,GEO SPECIALTY CHEMICALS,HARRIS,MAINTENANCE,11/14/2010 5:00,12/6/2010 5:00,(Glycine) Unit HCN Scrubber,172,Hydrogen cyanide,1e-05,POUNDS,0.026,LBS/HR,8052,29.71648,-95.09278,mapbox
147334,CLOSED,FINAL,12/7/2010,GEO SPECIALTY CHEMICALS INC,GEO SPECIALTY CHEMICALS,HARRIS,MAINTENANCE,11/14/2010 5:00,12/6/2010 5:00,HCN Tankfarm Scrubber,237,Hydrogen cyanide,1e-05,POUNDS,0.0009,LBS/HR,8052,29.71648,-95.09278,mapbox
147871,CLOSED,FINAL,12/13/2010,INV PERFORMANCE SURFACES LLC,INV NYLON CHEMICALS AMERICAS ORANGE SITE,ORANGE,EMISSIONS EVENT,11/29/2010 3:05,11/29/2010 7:00,NORTH ADN BOILER,PF41,Hydrogen cyanide,0.27,POUNDS,1.79,LBS/HR,1302 & PSD-TX-1085,30.05703471,-93.7577447,census
147871,CLOSED,FINAL,12/13/2010,INV PERFORMANCE SURFACES LLC,INV NYLON CHEMICALS AMERICAS ORANGE SITE,ORANGE,EMISSIONS EVENT,11/29/2010 3:05,11/29/2010 7:00,OPERATING FLARE SYSTEM,PH3,Hydrogen cyanide,4.73,POUNDS,614.45,LBS/HR,1302 & PSD-TX-1085,30.05703471,-93.7577447,census
147967,CLOSED,FINAL,12/13/2010,ASCEND PERFORMANCE MATERIALS OPERATIONS LLC,ASCEND PERFORMANCE MATERIALS CHOCOLATE BAYOU PLANT,BRAZORIA,EMISSIONS EVENT,11/30/2010 11:53,11/30/2010 17:17,AN2 Waste Heat Boiler,30H5,Hydrogen cyanide,14.5,POUNDS,1.56,LBS/HR,NSR 18251,29.18161,-95.4993375,county_centroid
147967,CLOSED,FINAL,12/13/2010,ASCEND PERFORMANCE MATERIALS OPERATIONS LLC,ASCEND PERFORMANCE MATERIALS CHOCOLATE BAYOU PLANT,BRAZORIA,EMISSIONS EVENT,11/30/2010 11:53,11/30/2010 17:17,AN7 Process Flare,70Z522,Hydrogen cyanide,70.6,POUNDS,0.28,LBS/HR,TX NSR 38336,29.18161,-95.4993375,county_centroid
147985,CLOSED,FINAL,12/15/2010,INV PERFORMANCE SURFACES LLC,INV NYLON CHEMICALS AMERICAS ORANGE SITE,ORANGE,EMISSIONS EVENT,12/1/2010 2:16,12/1/2010 6:45,ADN OPERATING FLARE,PH3,Hydrogen cyanide,0.25,POUNDS,0,,NSR #1302 & PSD-TX-1085,30.05703471,-93.7577447,census
147985,CLOSED,FINAL,12/15/2010,INV PERFORMANCE SURFACES LLC,INV NYLON CHEMICALS AMERICAS ORANGE SITE,ORANGE,EMISSIONS EVENT,12/1/2010 2:16,12/1/2010 6:45,STARTUP FLARE,PH2,Hydrogen cyanide,46.96,POUNDS,0,,NSR #1302 & PSD-TX-1085,30.05703471,-93.7577447,census
148709,CLOSED,FINAL,12/31/2010,INV PERFORMANCE SURFACES LLC,INV NYLON CHEMICALS AMERICAS ORANGE SITE,ORANGE,EMISSIONS EVENT,12/17/2010 9:13,12/18/2010 2:15,ADN OPERATING FLARE,PH3,Hydrogen cyanide,0.01,POUNDS,0,,1302 & PSD-TX-1085,30.05703471,-93.7577447,census
148709,CLOSED,FINAL,12/31/2010,INV PERFORMANCE SURFACES LLC,INV NYLON CHEMICALS AMERICAS ORANGE SITE,ORANGE,EMISSIONS EVENT,12/17/2010 9:13,12/18/2010 2:15,HCN STARTUP FLARE,PH2,Hydrogen cyanide,0.87,POUNDS,0,,1302 & PSD-TX-1085,30.05703471,-93.7577447,census
149214,CLOSED,FINAL,2/2/2011,INV PERFORMANCE SURFACES LLC,INV NYLON CHEMICALS AMERICAS VICTORIA SITE,VICTORIA,EMISSIONS EVENT,1/7/2011 20:07,1/20/2011 9:10,General EPN - Trailer Loading,10PRC,Hydrogen cyanide,2.1,POUNDS,0,,NSR Permit 7186,28.68846258,-96.94182773,census
149234,CLOSED,FINAL,1/21/2011,ASCEND PERFORMANCE MATERIALS OPERATIONS LLC,ASCEND PERFORMANCE MATERIALS CHOCOLATE BAYOU PLANT,BRAZORIA,EMISSIONS EVENT,1/9/2011 9:42,1/9/2011 10:37,AN2  Waste Heat Boiler,30H5,Hydrogen cyanide,1.5,POUNDS,1.56,LBS/HR,NSR 18251,29.18161,-95.4993375,county_centroid
149503,CLOSED,FINAL,1/31/2011,INV PERFORMANCE SURFACES LLC,INV NYLON CHEMICALS AMERICAS VICTORIA SITE,VICTORIA,EMISSIONS EVENT,1/16/2011 13:24,1/17/2011 5:21,ADN Operation Flare,10FLR-005,Hydrogen cyanide,1.52,POUNDS,0,,NSR Permit 7186,28.68846258,-96.94182773,census
149506,CLOSED,FINAL,1/27/2011,ROHM AND HAAS TEXAS INCORPORATED,ROHM AND HAAS TEXAS DEER PARK PLANT,HARRIS,EMISSIONS EVENT,1/16/2011 19:00,1/16/2011 21:36,N 3/7 Flare,N-6,Hydrogen cyanide,17.9,POUNDS,28.36,LBS/HR,723 and PSD-TX-828M1,29.732399,-95.104035,mapbox
150195,CLOSED,FINAL,2/16/2011,ASCEND PERFORMANCE MATERIALS OPERATIONS LLC,ASCEND PERFORMANCE MATERIALS CHOCOLATE BAYOU PLANT,BRAZORIA,EMISSIONS EVENT,2/2/2011 8:22,2/2/2011 17:37,AN2  Waste Heat Boiler,30H5,Hydrogen cyanide,1286.5,POUNDS,1.56,LBS/HR,NSR 18251,29.18161,-95.4993375,county_centroid
150386,CLOSED,FINAL,2/18/2011,ASCEND PERFORMANCE MATERIALS OPERATIONS LLC,ASCEND PERFORMANCE MATERIALS CHOCOLATE BAYOU PLANT,BRAZORIA,EMISSIONS EVENT,2/6/2011 22:30,2/6/2011 23:11,AN2  Waste Heat Boiler,30H5,Hydrogen cyanide,2.9,POUNDS,1.56,LBS/HR,NSR 18251,29.18161,-95.4993375,county_centroid
150830,CLOSED,FINAL,3/1/2011,INV PERFORMANCE SURFACES LLC,INV NYLON CHEMICALS AMERICAS ORANGE SITE,ORANGE,EMISSIONS EVENT,2/15/2011 14:30,2/16/2011 12:24,3030 FUGITIVES,PH401,Hydrogen cyanide,0.35,POUNDS,0,,1302 & PSD-TX-1085,30.05703471,-93.7577447,census
150830,CLOSED,FINAL,3/1/2011,INV PERFORMANCE SURFACES LLC,INV NYLON CHEMICALS AMERICAS ORANGE SITE,ORANGE,EMISSIONS EVENT,2/15/2011 14:30,2/16/2011 12:24,ADN OPERATING FLARE,PH3,Hydrogen cyanide,385.7,POUNDS,0,,1302 & PSD-TX-1085,30.05703471,-93.7577447,census
150830,CLOSED,FINAL,3/1/2011,INV PERFORMANCE SURFACES LLC,INV NYLON CHEMICALS AMERICAS ORANGE SITE,ORANGE,EMISSIONS EVENT,2/15/2011 14:30,2/16/2011 12:24,AMMONIA FLARE,PH70,Hydrogen cyanide,1,POUNDS,0,,1302 & PSD-TX-1085,30.05703471,-93.7577447,census
150830,CLOSED,FINAL,3/1/2011,INV PERFORMANCE SURFACES LLC,INV NYLON CHEMICALS AMERICAS ORANGE SITE,ORANGE,EMISSIONS EVENT,2/15/2011 14:30,2/16/2011 12:24,HCN STARTUP FLARE,PH2,Hydrogen cyanide,2.14,POUNDS,0,,1302 & PSD-TX-1085,30.05703471,-93.7577447,census
150977,CLOSED,FINAL,3/7/2011,INV PERFORMANCE SURFACES LLC,INV NYLON CHEMICALS AMERICAS VICTORIA SITE,VICTORIA,EMISSIONS EVENT,2/18/2011 15:00,2/25/2011 10:00,Relief Valve of Step 2 Reactor A,10PRC,Hydrogen cyanide,0.3,POUNDS,0,,NSR Permit 7186,28.68846258,-96.94182773,census
150978,CLOSED,FINAL,3/7/2011,INV PERFORMANCE SURFACES LLC,INV NYLON CHEMICALS AMERICAS VICTORIA SITE,VICTORIA,MAINTENANCE,2/20/2011 8:00,3/3/2011 12:00,ADN - HCN Train,10PRC,Hydrogen cyanide,1.41,POUNDS,0,,NSR Permit 7186,28.68846258,-96.94182773,census
151181,CLOSED,FINAL,3/8/2011,ROHM AND HAAS TEXAS INCORPORATED,ROHM AND HAAS TEXAS DEER PARK PLANT,HARRIS,EMISSIONS EVENT,2/24/2011 9:00,2/25/2011 23:30,N-Area,N-UP,Hydrogen cyanide,7,POUNDS,0,,No specific emissions authorizations for this facility,29.732399,-95.104035,mapbox
151694,CLOSED,FINAL,3/22/2011,INV PERFORMANCE SURFACES LLC,INV NYLON CHEMICALS AMERICAS ORANGE SITE,ORANGE,EMISSIONS EVENT,3/8/2011 5:49,3/8/2011 11:49,3040 FUGITIVES,PA404,Hydrogen cyanide,0.46,POUNDS,0,,1302 &PSD-TX-1085,30.05703471,-93.7577447,census
151694,CLOSED,FINAL,3/22/2011,INV PERFORMANCE SURFACES LLC,INV NYLON CHEMICALS AMERICAS ORANGE SITE,ORANGE,EMISSIONS EVENT,3/8/2011 5:49,3/8/2011 11:49,ADN OPERATING FLARE,PH3,Hydrogen cyanide,1.64,POUNDS,0,,1302 &PSD-TX-1085,30.05703471,-93.7577447,census
151694,CLOSED,FINAL,3/22/2011,INV PERFORMANCE SURFACES LLC,INV NYLON CHEMICALS AMERICAS ORANGE SITE,ORANGE,EMISSIONS EVENT,3/8/2011 5:49,3/8/2011 11:49,NORTH ADN BOILER,PF41,Hydrogen cyanide,0.06,POUNDS,0,,1302 &PSD-TX-1085,30.05703471,-93.7577447,census
151694,CLOSED,FINAL,3/22/2011,INV PERFORMANCE SURFACES LLC,INV NYLON CHEMICALS AMERICAS ORANGE SITE,ORANGE,EMISSIONS EVENT,3/8/2011 5:49,3/8/2011 11:49,SOUTH ADN BOILER,PF40,Hydrogen cyanide,0.05,POUNDS,0,,1302 &PSD-TX-1085,30.05703471,-93.7577447,census
152552,CLOSED,FINAL,4/8/2011,INV PERFORMANCE SURFACES LLC,INV NYLON CHEMICALS AMERICAS ORANGE SITE,ORANGE,EMISSIONS EVENT,3/27/2011 8:08,3/28/2011 10:53,STARTUP FLARE,PH2,Hydrogen cyanide,31.3,POUNDS,0,,1302 & PSD-TX-1085,30.05703471,-93.7577447,census
152779,CLOSED,FINAL,4/18/2011,INV PERFORMANCE SURFACES LLC,INV NYLON CHEMICALS AMERICAS ORANGE SITE,ORANGE,EMISSIONS EVENT,3/31/2011 13:00,4/4/2011 2:23,ADN OPERATING FLARE,PH3,Hydrogen cyanide,3.11,POUNDS,0,,1302 & PSD-TX-1085,30.05703471,-93.7577447,census
152779,CLOSED,FINAL,4/18/2011,INV PERFORMANCE SURFACES LLC,INV NYLON CHEMICALS AMERICAS ORANGE SITE,ORANGE,EMISSIONS EVENT,3/31/2011 13:00,4/4/2011 2:23,AMMONIA FLARE,PH70,Hydrogen cyanide,0.53,POUNDS,0,,1302 & PSD-TX-1085,30.05703471,-93.7577447,census
152779,CLOSED,FINAL,4/18/2011,INV PERFORMANCE SURFACES LLC,INV NYLON CHEMICALS AMERICAS ORANGE SITE,ORANGE,EMISSIONS EVENT,3/31/2011 13:00,4/4/2011 2:23,HCN STARTUP FLARE,PH2,Hydrogen cyanide,73.34,POUNDS,0,,1302 & PSD-TX-1085,30.05703471,-93.7577447,census
152779,CLOSED,FINAL,4/18/2011,INV PERFORMANCE SURFACES LLC,INV NYLON CHEMICALS AMERICAS ORANGE SITE,ORANGE,EMISSIONS EVENT,3/31/2011 13:00,4/4/2011 2:23,NORTH ADN BOILER,PF41,Hydrogen cyanide,0.65,POUNDS,0,,1302 & PSD-TX-1085,30.05703471,-93.7577447,census
152779,CLOSED,FINAL,4/18/2011,INV PERFORMANCE SURFACES LLC,INV NYLON CHEMICALS AMERICAS ORANGE SITE,ORANGE,EMISSIONS EVENT,3/31/2011 13:00,4/4/2011 2:23,SOUTH ADN BOILER,PF40,Hydrogen cyanide,0.55,POUNDS,0,,1302 & PSD-TX-1085,30.05703471,-93.7577447,census
153655,CLOSED,FINAL,4/29/2011,ASCEND PERFORMANCE MATERIALS OPERATIONS LLC,ASCEND PERFORMANCE MATERIALS CHOCOLATE BAYOU PLANT,BRAZORIA,EMISSIONS EVENT,4/21/2011 14:38,4/21/2011 15:38,AN7 Waste Heat Boiler,70Z401,Hydrogen cyanide,5.32,POUNDS,3.12,LBS/HR,38336,29.18161,-95.4993375,county_centroid
155191,CLOSED,FINAL,6/16/2011,INV PERFORMANCE SURFACES LLC,INV NYLON CHEMICALS AMERICAS ORANGE SITE,ORANGE,EMISSIONS EVENT,6/1/2011 15:40,6/2/2011 15:40,3030 FUGITIVES,PH401,Hydrogen cyanide,0.01,POUNDS,0,,1302 & PSD-TX-1085,30.05703471,-93.7577447,census
155191,CLOSED,FINAL,6/16/2011,INV PERFORMANCE SURFACES LLC,INV NYLON CHEMICALS AMERICAS ORANGE SITE,ORANGE,EMISSIONS EVENT,6/1/2011 15:40,6/2/2011 15:40,ADN NORTH BOILER,PF41,Hydrogen cyanide,1.2,POUNDS,0,,1302 & PSD-TX-1085,30.05703471,-93.7577447,census
155191,CLOSED,FINAL,6/16/2011,INV PERFORMANCE SURFACES LLC,INV NYLON CHEMICALS AMERICAS ORANGE SITE,ORANGE,EMISSIONS EVENT,6/1/2011 15:40,6/2/2011 15:40,ADN OPERATING FLARE,PH3,Hydrogen cyanide,7.1,POUNDS,0,,1302 & PSD-TX-1085,30.05703471,-93.7577447,census
155191,CLOSED,FINAL,6/16/2011,INV PERFORMANCE SURFACES LLC,INV NYLON CHEMICALS AMERICAS ORANGE SITE,ORANGE,EMISSIONS EVENT,6/1/2011 15:40,6/2/2011 15:40,AMMONIA FLARE,PH70,Hydrogen cyanide,0.14,POUNDS,0,,1302 & PSD-TX-1085,30.05703471,-93.7577447,census
155385,CLOSED,FINAL,6/21/2011,INV PERFORMANCE SURFACES LLC,INV NYLON CHEMICALS AMERICAS ORANGE SITE,ORANGE,EMISSIONS EVENT,6/7/2011 9:30,6/7/2011 23:20,3040 FUGITIVES,PA404,Hydrogen cyanide,9.2,POUNDS,0,,1302 &PSD-TX1085,30.05703471,-93.7577447,census
155763,CLOSED,FINAL,6/29/2011,INV PERFORMANCE SURFACES LLC,INV NYLON CHEMICALS AMERICAS VICTORIA SITE,VICTORIA,EMISSIONS EVENT,6/15/2011 14:43,6/15/2011 14:54,#1 Converter Flare,10FLR-001,Hydrogen cyanide,95.3,POUNDS,0,,NSR Permit 7186,28.68846258,-96.94182773,census
155817,CLOSED,FINAL,6/30/2011,INV PERFORMANCE SURFACES LLC,INV NYLON CHEMICALS AMERICAS ORANGE SITE,ORANGE,EMISSIONS EVENT,6/17/2011 8:15,6/17/2011 23:30,AMMONIA FLARE,PH70,Hydrogen cyanide,0.26,POUNDS,0,,1302 & PSD-TX-1085,30.05703471,-93.7577447,census
155817,CLOSED,FINAL,6/30/2011,INV PERFORMANCE SURFACES LLC,INV NYLON CHEMICALS AMERICAS ORANGE SITE,ORANGE,EMISSIONS EVENT,6/17/2011 8:15,6/17/2011 23:30,HCN STARTUP FLARE,PH2,Hydrogen cyanide,0.5,POUNDS,0,,1302 & PSD-TX-1085,30.05703471,-93.7577447,census
155817,CLOSED,FINAL,6/30/2011,INV PERFORMANCE SURFACES LLC,INV NYLON CHEMICALS AMERICAS ORANGE SITE,ORANGE,EMISSIONS EVENT,6/17/2011 8:15,6/17/2011 23:30,OPERATING FLARE,PH3,Hydrogen cyanide,370,POUNDS,0,,1302 & PSD-TX-1085,30.05703471,-93.7577447,census
156402,CLOSED,FINAL,7/19/2011,INV PERFORMANCE SURFACES LLC,INV NYLON CHEMICALS AMERICAS ORANGE SITE,ORANGE,EMISSIONS EVENT,7/3/2011 21:05,7/9/2011 15:00,3030 FUGITIVES,PH401,Hydrogen cyanide,23,POUNDS,0,,1302 & PDS-TX-1085,30.05703471,-93.7577447,census
156402,CLOSED,FINAL,7/19/2011,INV PERFORMANCE SURFACES LLC,INV NYLON CHEMICALS AMERICAS ORANGE SITE,ORANGE,EMISSIONS EVENT,7/3/2011 21:05,7/9/2011 15:00,ADN OPERATING FLARE,PH3,Hydrogen cyanide,280,POUNDS,0,,1302 & PDS-TX-1085,30.05703471,-93.7577447,census
156402,CLOSED,FINAL,7/19/2011,INV PERFORMANCE SURFACES LLC,INV NYLON CHEMICALS AMERICAS ORANGE SITE,ORANGE,EMISSIONS EVENT,7/3/2011 21:05,7/9/2011 15:00,AMMONIA FLARE,PH70,Hydrogen cyanide,0.39,POUNDS,0,,1302 & PDS-TX-1085,30.05703471,-93.7577447,census
156402,CLOSED,FINAL,7/19/2011,INV PERFORMANCE SURFACES LLC,INV NYLON CHEMICALS AMERICAS ORANGE SITE,ORANGE,EMISSIONS EVENT,7/3/2011 21:05,7/9/2011 15:00,HCN START-UP FLARE,PH2,Hydrogen cyanide,230,POUNDS,0,,1302 & PDS-TX-1085,30.05703471,-93.7577447,census
156639,CLOSED,FINAL,7/22/2011,INV PERFORMANCE SURFACES LLC,INV NYLON CHEMICALS AMERICAS ORANGE SITE,ORANGE,EMISSIONS EVENT,7/10/2011 14:25,7/11/2011 12:00,ADN OPERATING FLARE,PH3,Hydrogen cyanide,28,POUNDS,0,,1302 &PSD-TX-1085,30.05703471,-93.7577447,census
156639,CLOSED,FINAL,7/22/2011,INV PERFORMANCE SURFACES LLC,INV NYLON CHEMICALS AMERICAS ORANGE SITE,ORANGE,EMISSIONS EVENT,7/10/2011 14:25,7/11/2011 12:00,AMMONIA FLARE,PH70,Hydrogen cyanide,0.04,POUNDS,0,,1302 &PSD-TX-1085,30.05703471,-93.7577447,census
156639,CLOSED,FINAL,7/22/2011,INV PERFORMANCE SURFACES LLC,INV NYLON CHEMICALS AMERICAS ORANGE SITE,ORANGE,EMISSIONS EVENT,7/10/2011 14:25,7/11/2011 12:00,HCN STARTUP FLARE,PH2,Hydrogen cyanide,230,POUNDS,0,,1302 &PSD-TX-1085,30.05703471,-93.7577447,census
156632,CLOSED,FINAL,7/13/2011,GEO SPECIALTY CHEMICALS INC,GEO SPECIALTY CHEMICALS,HARRIS,MAINTENANCE,7/11/2011 10:38,7/11/2011 11:00,HCN Tank Scrubber,237,Hydrogen cyanide,1e-05,POUNDS,0.0009,LBS/HR,8052,29.71648,-95.09278,mapbox
156705,CLOSED,FINAL,7/25/2011,INV PERFORMANCE SURFACES LLC,INV NYLON CHEMICALS AMERICAS ORANGE SITE,ORANGE,EMISSIONS EVENT,7/11/2011 13:30,7/11/2011 18:30,ADN OPERATING FLARE,PH3,Hydrogen cyanide,4.5,POUNDS,0,,1302 & PSD-TX-1085,30.05703471,-93.7577447,census
156779,CLOSED,FINAL,7/26/2011,INV PERFORMANCE SURFACES LLC,INV NYLON CHEMICALS AMERICAS ORANGE SITE,ORANGE,EMISSIONS EVENT,7/13/2011 11:55,7/13/2011 14:17,ADN OPERATING FLARE,PH3,Hydrogen cyanide,0.49,POUNDS,0,,1302 & PSD-TX-1085,30.05703471,-93.7577447,census
156814,CLOSED,FINAL,7/28/2011,INV PERFORMANCE SURFACES LLC,INV NYLON CHEMICALS AMERICAS ORANGE SITE,ORANGE,EMISSIONS EVENT,7/14/2011 12:24,7/14/2011 15:01,ADN OPERATING FLARE,PH3,Hydrogen cyanide,2.7,POUNDS,0,,1302 & PSD-TX-1085,30.05703471,-93.7577447,census
157167,CLOSED,FINAL,8/5/2011,ASCEND PERFORMANCE MATERIALS OPERATIONS LLC,ASCEND PERFORMANCE MATERIALS CHOCOLATE BAYOU PLANT,BRAZORIA,EMISSIONS EVENT,7/24/2011 11:10,7/24/2011 21:34,Recycle Water Tank Scrubber,70K515,Hydrogen cyanide,0.04,POUNDS,1.4,LBS/HR,NSR 38336,29.18161,-95.4993375,county_centroid
157511,CLOSED,FINAL,8/11/2011,INV PERFORMANCE SURFACES LLC,INV NYLON CHEMICALS AMERICAS VICTORIA SITE,VICTORIA,EMISSIONS EVENT,7/31/2011 20:55,7/31/2011 21:10,ADN Converter No 2 Rupture Disc,10RD-002,Hydrogen cyanide,14,POUNDS,0,,NSR Permit 7186,28.68846258,-96.94182773,census
159326,CLOSED,FINAL,10/11/2011,INV PERFORMANCE SURFACES LLC,INV NYLON CHEMICALS AMERICAS VICTORIA SITE,VICTORIA,EMISSIONS EVENT,9/18/2011 11:30,9/27/2011 0:10,ADN Op Flare,10FLR-005,Hydrogen cyanide,0.02,POUNDS,0,,NSR Permit 7186,28.68846258,-96.94182773,census
159326,CLOSED,FINAL,10/11/2011,INV PERFORMANCE SURFACES LLC,INV NYLON CHEMICALS AMERICAS VICTORIA SITE,VICTORIA,EMISSIONS EVENT,9/18/2011 11:30,9/27/2011 0:10,HCN Pump Tanks' Vent Scrubber,10VNT-255,Hydrogen cyanide,283.47,POUNDS,0,,NSR Permit 7186,28.68846258,-96.94182773,census
159520,CLOSED,FINAL,10/3/2011,INV PERFORMANCE SURFACES LLC,INV NYLON CHEMICALS AMERICAS VICTORIA SITE,VICTORIA,EMISSIONS EVENT,9/21/2011 22:30,9/22/2011 8:30,Conservation Vent of East Benzene Receiver Tanks,11UPSET,Hydrogen cyanide,3.33,POUNDS,0,,NSR Permit 23271,28.68846258,-96.94182773,census
159855,CLOSED,FINAL,10/12/2011,INV PERFORMANCE SURFACES LLC,INV NYLON CHEMICALS AMERICAS VICTORIA SITE,VICTORIA,EMISSIONS EVENT,9/29/2011 15:42,9/29/2011 22:50,HCN Converter 1 Inlet Rupture Disk,10RD-001,Hydrogen cyanide,14.1,POUNDS,0,,NSR Permit 7186,28.68846258,-96.94182773,census
159855,CLOSED,FINAL,10/12/2011,INV PERFORMANCE SURFACES LLC,INV NYLON CHEMICALS AMERICAS VICTORIA SITE,VICTORIA,EMISSIONS EVENT,9/29/2011 15:42,9/29/2011 22:50,HCN Converter 4 Inlet Rupture Disk,10RD-004,Hydrogen cyanide,14.3,POUNDS,0,,NSR Permit 7186,28.68846258,-96.94182773,census
161314,CLOSED,FINAL,11/16/2011,INV PERFORMANCE SURFACES LLC,INV NYLON CHEMICALS AMERICAS VICTORIA SITE,VICTORIA,EMISSIONS EVENT,11/2/2011 15:53,11/2/2011 16:04,Converter 3 Rupture Disk,10RD-003,Hydrogen cyanide,140.24,POUNDS,0,,NSR Permit 7186,28.68846258,-96.94182773,census
161405,CLOSED,FINAL,11/16/2011,INV PERFORMANCE SURFACES LLC,INV NYLON CHEMICALS AMERICAS ORANGE SITE,ORANGE,EMISSIONS EVENT,11/6/2011 10:42,11/6/2011 22:50,START UP FLARE,PH2,Hydrogen cyanide,59,POUNDS,0,,1302 & PSD-TX-1085,30.05703471,-93.7577447,census
161772,CLOSED,FINAL,11/29/2011,INV PERFORMANCE SURFACES LLC,INV NYLON CHEMICALS AMERICAS ORANGE SITE,ORANGE,EMISSIONS EVENT,11/15/2011 0:20,11/16/2011 6:20,Ammonia Flare,PH70,Hydrogen cyanide,0.63,POUNDS,0,,1302 & PSD-TX-1085,30.05703471,-93.7577447,census
161772,CLOSED,FINAL,11/29/2011,INV PERFORMANCE SURFACES LLC,INV NYLON CHEMICALS AMERICAS ORANGE SITE,ORANGE,EMISSIONS EVENT,11/15/2011 0:20,11/16/2011 6:20,HCN Op Flare,PH3,Hydrogen cyanide,0.63,POUNDS,0,,1302 & PSD-TX-1085,30.05703471,-93.7577447,census
161772,CLOSED,FINAL,11/29/2011,INV PERFORMANCE SURFACES LLC,INV NYLON CHEMICALS AMERICAS ORANGE SITE,ORANGE,EMISSIONS EVENT,11/15/2011 0:20,11/16/2011 6:20,HCN Startup Flare,PH2,Hydrogen cyanide,100,POUNDS,0,,1302 & PSD-TX-1085,30.05703471,-93.7577447,census
161885,CLOSED,FINAL,11/30/2011,INV PERFORMANCE SURFACES LLC,INV NYLON CHEMICALS AMERICAS ORANGE SITE,ORANGE,EMISSIONS EVENT,11/17/2011 10:38,11/18/2011 2:38,HCN Startup Flare,PH2,Hydrogen cyanide,33,POUNDS,0,,1302 & PSD-TX-1085,30.05703471,-93.7577447,census
162539,CLOSED,FINAL,12/21/2011,THE DOW CHEMICAL COMPANY,DOW TEXAS OPERATIONS FREEPORT,BRAZORIA,EMISSIONS EVENT,12/7/2011 3:46,12/7/2011 4:12,A2600 F1 Flare,A26F1,Hydrogen cyanide,33,POUNDS,2.77,POUNDS,NSR 1472,28.98253894,-95.37712354,census
163722,CLOSED,FINAL,1/26/2012,INV PERFORMANCE SURFACES LLC,INV NYLON CHEMICALS AMERICAS ORANGE SITE,ORANGE,EMISSIONS EVENT,1/13/2012 14:19,1/14/2012 15:00,HCN STARTUP FLARE,PH2,Hydrogen cyanide,76,POUNDS,0,,1302 & PSD-TX-1085,30.05703471,-93.7577447,census
163825,CLOSED,FINAL,1/30/2012,ASCEND PERFORMANCE MATERIALS OPERATIONS LLC,ASCEND PERFORMANCE MATERIALS CHOCOLATE BAYOU PLANT,BRAZORIA,EMISSIONS EVENT,1/18/2012 10:32,1/18/2012 11:33,Acrylonitrile Unit 2 Waste Heat Boiler,30H5,Hydrogen cyanide,66,POUNDS,1.56,LBS/HR,NSR 18251,29.18161,-95.4993375,county_centroid
164065,CLOSED,FINAL,2/8/2012,GB BIOSCIENCES LLC,GREEN BAYOU PLANT,HARRIS,EMISSIONS EVENT,1/25/2012 17:00,1/25/2012 22:30,Ammonia Carbonate Tank,GBP016,Hydrogen cyanide,0.56,POUNDS,0.8,TONS/YR,NSR 4893A,29.76132793,-95.1822415,census
164514,CLOSED,FINAL,2/17/2012,FLINT HILLS RESOURCES CORPUS CHRISTI LLC,FLINT HILLS RESOURCES EAST REFINERY,NUECES,EMISSIONS EVENT,2/6/2012 12:02,2/7/2012 12:02,FCCU II Scrubber,111,Hydrogen cyanide,216,POUNDS,0,,No specific emissions authorizations for this facility,27.80429599,-97.42229786,census
165035,CLOSED,FINAL,2/29/2012,INV PERFORMANCE SURFACES LLC,INV NYLON CHEMICALS AMERICAS VICTORIA SITE,VICTORIA,EMISSIONS EVENT,2/18/2012 23:38,2/18/2012 23:53,Convertor 1 Rupture Disk,10RD-001,Hydrogen cyanide,13,POUNDS,0,,NSR Permit 7186,28.68846258,-96.94182773,census
169839,CLOSED,FINAL,6/29/2012,INV PERFORMANCE SURFACES LLC,INV NYLON CHEMICALS AMERICAS ORANGE SITE,ORANGE,EMISSIONS EVENT,6/17/2012 6:30,6/17/2012 17:45,ADN Operating Flare,PH3,Hydrogen cyanide,75,POUNDS,0,,1302 & PSD-TX-1085,30.05703471,-93.7577447,census
170519,CLOSED,FINAL,7/6/2012,GEO SPECIALTY CHEMICALS INC,GEO SPECIALTY CHEMICALS,HARRIS,MAINTENANCE,7/1/2012 7:00,7/1/2012 12:00,(Glycine) Unit HCN Scrubber,172,Hydrogen cyanide,1e-05,POUNDS,0.01,LBS/HR,8052,29.71648,-95.09278,mapbox
170519,CLOSED,FINAL,7/6/2012,GEO SPECIALTY CHEMICALS INC,GEO SPECIALTY CHEMICALS,HARRIS,MAINTENANCE,7/1/2012 7:00,7/1/2012 12:00,(Tankarm) HCN Tank Scrubber,237,Hydrogen cyanide,1e-05,POUNDS,0.01,LBS/HR,8052,29.71648,-95.09278,mapbox
171343,CLOSED,FINAL,8/3/2012,ASCEND PERFORMANCE MATERIALS OPERATIONS LLC,ASCEND PERFORMANCE MATERIALS CHOCOLATE BAYOU PLANT,BRAZORIA,EMISSIONS EVENT,7/21/2012 12:55,7/21/2012 13:52,AN7 Waste Heat Boiler,70Z401,Hydrogen cyanide,6.8,POUNDS,3.12,LBS/HR,38336,29.18161,-95.4993375,county_centroid
173019,CLOSED,FINAL,9/12/2012,EXXON MOBIL CORPORATION,EXXONMOBIL CHEMICAL BAYTOWN CHEMICAL PLANT,HARRIS,EMISSIONS EVENT,9/1/2012 4:57,9/1/2012 5:18,Flare Stack 28,FS28,Hydrogen cyanide,0.072,POUNDS,0.1,LBS/HR,0.023 of 0.095 lbs are authorized under Permit #36476/PSD-TX-996M1,29.735007,-95.022704,mapbox
173029,CLOSED,FINAL,9/14/2012,ASCEND PERFORMANCE MATERIALS OPERATIONS LLC,ASCEND PERFORMANCE MATERIALS CHOCOLATE BAYOU PLANT,BRAZORIA,EMISSIONS EVENT,9/1/2012 10:59,9/1/2012 11:20,AN2  Waste Heat Boiler,30H5,Hydrogen cyanide,98,POUNDS,1.56,LBS/HR,NSR 18251,29.18161,-95.4993375,county_centroid
174667,CLOSED,FINAL,10/24/2012,INV PERFORMANCE SURFACES LLC,INV NYLON CHEMICALS AMERICAS ORANGE SITE,ORANGE,EMISSIONS EVENT,10/10/2012 15:52,10/10/2012 16:08,3030 Fugitives,PH401,Hydrogen cyanide,14,POUNDS,0,,1302 & PSD-TX-1085,30.05703471,-93.7577447,census
176069,CLOSED,FINAL,1/4/2013,GEO SPECIALTY CHEMICALS INC,GEO SPECIALTY CHEMICALS,HARRIS,MAINTENANCE,11/26/2012 6:00,12/24/2012 6:00,(Glycine) Unit HCN Scrubber,172,Hydrogen cyanide,1e-05,POUNDS,0.026,LBS/HR,8052,29.71648,-95.09278,mapbox
176069,CLOSED,FINAL,1/4/2013,GEO SPECIALTY CHEMICALS INC,GEO SPECIALTY CHEMICALS,HARRIS,MAINTENANCE,11/26/2012 6:00,12/24/2012 6:00,HCN Tank Farm Scrubber,237,Hydrogen cyanide,1e-05,POUNDS,0.0009,LBS/HR,8052,29.71648,-95.09278,mapbox
176474,CLOSED,FINAL,12/7/2012,ASCEND PERFORMANCE MATERIALS OPERATIONS LLC,ASCEND PERFORMANCE MATERIALS CHOCOLATE BAYOU PLANT,BRAZORIA,EMISSIONS EVENT,11/27/2012 10:00,11/27/2012 22:42,AN3 Absorber Off Gas Line,,Hydrogen cyanide,20.62,POUNDS,0,,18251,29.18161,-95.4993375,county_centroid
177486,CLOSED,FINAL,1/9/2013,ASCEND PERFORMANCE MATERIALS OPERATIONS LLC,ASCEND PERFORMANCE MATERIALS CHOCOLATE BAYOU PLANT,BRAZORIA,EMISSIONS EVENT,12/26/2012 12:42,12/26/2012 13:30,AN3 Waste Heat Boiler,31H4,Hydrogen cyanide,3.52,POUNDS,1.56,LBS/HR,TX NSR 18251,29.18161,-95.4993375,county_centroid
178302,CLOSED,FINAL,2/4/2013,INV PERFORMANCE SURFACES LLC,INV NYLON CHEMICALS AMERICAS ORANGE SITE,ORANGE,EMISSIONS EVENT,1/21/2013 13:06,1/21/2013 15:30,ADN Op Flare,PH3,Hydrogen cyanide,0.66,POUNDS,0,,1302 & PSD-TX-1085,30.05703471,-93.7577447,census
178535,CLOSED,FINAL,2/8/2013,ASCEND PERFORMANCE MATERIALS OPERATIONS LLC,ASCEND PERFORMANCE MATERIALS CHOCOLATE BAYOU PLANT,BRAZORIA,EMISSIONS EVENT,1/25/2013 9:32,1/25/2013 11:44,AN2 Reactor 30R1-5 gooseneck,,Hydrogen cyanide,138.8,POUNDS,0,,NA,29.18161,-95.4993375,county_centroid
178535,CLOSED,FINAL,2/8/2013,ASCEND PERFORMANCE MATERIALS OPERATIONS LLC,ASCEND PERFORMANCE MATERIALS CHOCOLATE BAYOU PLANT,BRAZORIA,EMISSIONS EVENT,1/25/2013 9:32,1/25/2013 11:44,AN3 Waste Heat Boiler,31H4,Hydrogen cyanide,66.5,POUNDS,1.56,LBS/HR,TX NSR 18251,29.18161,-95.4993375,county_centroid
179694,CLOSED,FINAL,3/6/2013,EXXON MOBIL CORPORATION,EXXONMOBIL BAYTOWN REFINERY,HARRIS,EMISSIONS EVENT,2/22/2013 18:24,2/23/2013 1:31,CAT REGENERATOR,FCCU3WGS,Hydrogen cyanide,45,POUNDS,0,,Portions may be authorized under Permit #18287/PSD-TX-730M4/PAL7,29.756373,-94.991395,mapbox
181304,CLOSED,FINAL,4/19/2013,INV PERFORMANCE SURFACES LLC,INV NYLON CHEMICALS AMERICAS VICTORIA SITE,VICTORIA,EMISSIONS EVENT,4/4/2013 19:22,4/7/2013 12:00,ADN - General EPN,10PRC,Hydrogen cyanide,33.44,POUNDS,0,,7186,28.68846258,-96.94182773,census
181304,CLOSED,FINAL,4/19/2013,INV PERFORMANCE SURFACES LLC,INV NYLON CHEMICALS AMERICAS VICTORIA SITE,VICTORIA,EMISSIONS EVENT,4/4/2013 19:22,4/7/2013 12:00,ADN Operating Flare,10FLR-005,Hydrogen cyanide,595.49,POUNDS,0,,7186,28.68846258,-96.94182773,census
181304,CLOSED,FINAL,4/19/2013,INV PERFORMANCE SURFACES LLC,INV NYLON CHEMICALS AMERICAS VICTORIA SITE,VICTORIA,EMISSIONS EVENT,4/4/2013 19:22,4/7/2013 12:00,HCN Vent Scrubber,10VNT-255,Hydrogen cyanide,1335.55,POUNDS,0,,7186,28.68846258,-96.94182773,census
181304,CLOSED,FINAL,4/19/2013,INV PERFORMANCE SURFACES LLC,INV NYLON CHEMICALS AMERICAS VICTORIA SITE,VICTORIA,EMISSIONS EVENT,4/4/2013 19:22,4/7/2013 12:00,SELF Leachate Tank,04PRC,Hydrogen cyanide,0.02,POUNDS,0,,23271,28.68846258,-96.94182773,census
183519,CLOSED,FINAL,6/14/2013,ASCEND PERFORMANCE MATERIALS TEXAS LLC,ASCEND PERFORMANCE MATERIALS CHOCOLATE BAYOU PLANT,BRAZORIA,EMISSIONS EVENT,6/3/2013 10:30,6/3/2013 13:30,Acrylonitrile Unit 2 Waste Heat Boiler,30H5,Hydrogen cyanide,678.29,POUNDS,1.56,LBS/HR,NSR 18251,29.18161,-95.4993375,county_centroid
183519,CLOSED,FINAL,6/14/2013,ASCEND PERFORMANCE MATERIALS TEXAS LLC,ASCEND PERFORMANCE MATERIALS CHOCOLATE BAYOU PLANT,BRAZORIA,EMISSIONS EVENT,6/3/2013 10:30,6/3/2013 13:30,Acrylonitrile Unit 3 Waste Heat Boiler,31H4,Hydrogen cyanide,61.04,POUNDS,1.56,LBS/HR,NSR 18251,29.18161,-95.4993375,county_centroid
183519,CLOSED,FINAL,6/14/2013,ASCEND PERFORMANCE MATERIALS TEXAS LLC,ASCEND PERFORMANCE MATERIALS CHOCOLATE BAYOU PLANT,BRAZORIA,EMISSIONS EVENT,6/3/2013 10:30,6/3/2013 13:30,Waste Heat Boiler,70Z401,Hydrogen cyanide,2284.18,POUNDS,3.12,LBS/HR,NSR 38336,29.18161,-95.4993375,county_centroid
184450,CLOSED,FINAL,7/1/2013,GEO SPECIALTY CHEMICALS INC,GEO SPECIALTY CHEMICALS,HARRIS,MAINTENANCE,6/20/2013 9:00,6/21/2013 11:00,(Tankfarm) HCN Tank Scrubber,237,Hydrogen cyanide,1e-05,POUNDS,0.0009,LBS/HR,8052,29.71648,-95.09278,mapbox
186587,CLOSED,FINAL,8/23/2013,INV PERFORMANCE SURFACES LLC,INV NYLON CHEMICALS AMERICAS ORANGE SITE,ORANGE,EMISSIONS EVENT,8/9/2013 0:11,8/9/2013 15:03,ADN Op Flare,PH2,Hydrogen cyanide,32,POUNDS,0,,1302 & PSD-TX-1085,30.05703471,-93.7577447,census
189685,CLOSED,FINAL,10/17/2013,INV PERFORMANCE SURFACES LLC,INV NYLON CHEMICALS AMERICAS VICTORIA SITE,VICTORIA,EMISSIONS EVENT,8/13/2013 4:30,8/13/2013 19:00,Biotreatment,08PRC,Hydrogen cyanide,110.7836,POUNDS,1.81,LBS/HR,NSR 31376,28.68846258,-96.94182773,census
187401,CLOSED,FINAL,9/11/2013,ASCEND PERFORMANCE MATERIALS TEXAS LLC,ASCEND PERFORMANCE MATERIALS CHOCOLATE BAYOU PLANT,BRAZORIA,EMISSIONS EVENT,8/28/2013 5:43,8/28/2013 13:39,Acrylonitrile Unit 2 Waste Heat Boiler,30H5,Hydrogen cyanide,338,POUNDS,1.56,LBS/HR,18251,29.18161,-95.4993375,county_centroid
187401,CLOSED,FINAL,9/11/2013,ASCEND PERFORMANCE MATERIALS TEXAS LLC,ASCEND PERFORMANCE MATERIALS CHOCOLATE BAYOU PLANT,BRAZORIA,EMISSIONS EVENT,8/28/2013 5:43,8/28/2013 13:39,Acrylonitrile Unit 3 Waste Heat Boiler,31H4,Hydrogen cyanide,84.5,POUNDS,1.56,LBS/HR,18251,29.18161,-95.4993375,county_centroid
187401,CLOSED,FINAL,9/11/2013,ASCEND PERFORMANCE MATERIALS TEXAS LLC,ASCEND PERFORMANCE MATERIALS CHOCOLATE BAYOU PLANT,BRAZORIA,EMISSIONS EVENT,8/28/2013 5:43,8/28/2013 13:39,AN7 Waste Heat Boiler,70Z401,Hydrogen cyanide,907.4,POUNDS,3.12,LBS/HR,38336,29.18161,-95.4993375,county_centroid
187623,CLOSED,FINAL,9/18/2013,INV PERFORMANCE SURFACES LLC,INV NYLON CHEMICALS AMERICAS ORANGE SITE,ORANGE,EMISSIONS EVENT,9/4/2013 2:36,9/4/2013 17:34,ADN Op Flare,PH3,Hydrogen cyanide,7.9,POUNDS,0,,1302 & PSD-TX-1085,30.05703471,-93.7577447,census
187623,CLOSED,FINAL,9/18/2013,INV PERFORMANCE SURFACES LLC,INV NYLON CHEMICALS AMERICAS ORANGE SITE,ORANGE,EMISSIONS EVENT,9/4/2013 2:36,9/4/2013 17:34,Start Up Flare,PH2,Hydrogen cyanide,37,POUNDS,0,,1302 & PSD-TX-1085,30.05703471,-93.7577447,census
190369,CLOSED,FINAL,11/12/2013,INV PERFORMANCE SURFACES LLC,INV NYLON CHEMICALS AMERICAS ORANGE SITE,ORANGE,EMISSIONS EVENT,10/29/2013 21:36,10/30/2013 14:28,Startup Flare,PH2,Hydrogen cyanide,23,POUNDS,0,,1302 & PSD-TX-1085,30.05703471,-93.7577447,census
191227,CLOSED,FINAL,12/4/2013,EXXON MOBIL CORPORATION,EXXONMOBIL CHEMICAL BAYTOWN CHEMICAL PLANT,HARRIS,EMISSIONS EVENT,11/21/2013 12:00,11/22/2013 9:00,Flare Stack 28,FS28,Hydrogen cyanide,0.11,POUNDS,0.0001,LBS/HR,.11 lbs of total 0.11 lbs are authorized under Permit #36476,29.735007,-95.022704,mapbox
191900,CLOSED,FINAL,12/20/2013,ASCEND PERFORMANCE MATERIALS TEXAS LLC,ASCEND PERFORMANCE MATERIALS CHOCOLATE BAYOU PLANT,BRAZORIA,EMISSIONS EVENT,12/11/2013 8:27,12/11/2013 9:38,31 Absorber Vent,31D2,Hydrogen cyanide,30,POUNDS,10,POUNDS,NSR 18251,29.18161,-95.4993375,county_centroid
192196,CLOSED,FINAL,12/31/2013,TOKAI CARBON CB LTD,BIG SPRING CARBON BLACK PLANT,HOWARD,EMISSIONS EVENT,12/20/2013 6:42,12/20/2013 11:19,Bag Filter Stack U#1,Flare 1,Hydrogen cyanide,20.64,POUNDS,0,,6580/PSD-TX-151,32.278741,-101.408676,mapbox
192196,CLOSED,FINAL,12/31/2013,TOKAI CARBON CB LTD,BIG SPRING CARBON BLACK PLANT,HOWARD,EMISSIONS EVENT,12/20/2013 6:42,12/20/2013 11:19,Bag Filter Stack U#2,Flare 2,Hydrogen cyanide,13.44,POUNDS,0,,6580/PSD-TX-151,32.278741,-101.408676,mapbox
192196,CLOSED,FINAL,12/31/2013,TOKAI CARBON CB LTD,BIG SPRING CARBON BLACK PLANT,HOWARD,EMISSIONS EVENT,12/20/2013 6:42,12/20/2013 11:19,Bag Filter Stack U#3,Flare 3,Hydrogen cyanide,15.84,POUNDS,0,,6580/PSD-TX-151,32.278741,-101.408676,mapbox
192769,CLOSED,FINAL,1/22/2014,INV PERFORMANCE SURFACES LLC,INV NYLON CHEMICALS AMERICAS ORANGE SITE,ORANGE,EMISSIONS EVENT,1/8/2014 15:22,1/9/2014 15:32,ADN Start-up Flare,PH2,Hydrogen cyanide,55,POUNDS,0,,1302 & PSD-TX-1085,30.05703471,-93.7577447,census
193060,CLOSED,FINAL,1/28/2014,ASCEND PERFORMANCE MATERIALS TEXAS LLC,ASCEND PERFORMANCE MATERIALS CHOCOLATE BAYOU PLANT,BRAZORIA,EMISSIONS EVENT,1/15/2014 8:59,1/15/2014 10:32,AN 7 Waste Heat Boiler,70Z401,Hydrogen cyanide,0.1,POUNDS,3.12,LBS/HR,38336,29.18161,-95.4993375,county_centroid
193384,CLOSED,FINAL,2/5/2014,ASCEND PERFORMANCE MATERIALS TEXAS LLC,ASCEND PERFORMANCE MATERIALS CHOCOLATE BAYOU PLANT,BRAZORIA,EMISSIONS EVENT,1/23/2014 12:47,1/23/2014 15:00,AN 2 Waste Heat Boiler,30 H5,Hydrogen cyanide,61.12,POUNDS,1.56,LBS/HR,18251,29.18161,-95.4993375,county_centroid
193710,CLOSED,FINAL,2/6/2014,INV PERFORMANCE SURFACES LLC,INV NYLON CHEMICALS AMERICAS ORANGE SITE,ORANGE,EMISSIONS EVENT,1/24/2014 8:15,1/24/2014 16:00,ADN Operating Flare,PH3,Hydrogen cyanide,19,POUNDS,0,,1302 & PSD-TX-1085,30.05703471,-93.7577447,census
193710,CLOSED,FINAL,2/6/2014,INV PERFORMANCE SURFACES LLC,INV NYLON CHEMICALS AMERICAS ORANGE SITE,ORANGE,EMISSIONS EVENT,1/24/2014 8:15,1/24/2014 16:00,NORTH ADN BOILER,PF41,Hydrogen cyanide,0.68,POUNDS,0,,1302 & PSD-TS-1085,30.05703471,-93.7577447,census
193710,CLOSED,FINAL,2/6/2014,INV PERFORMANCE SURFACES LLC,INV NYLON CHEMICALS AMERICAS ORANGE SITE,ORANGE,EMISSIONS EVENT,1/24/2014 8:15,1/24/2014 16:00,SOUTH ADN BOILER,PF40,Hydrogen cyanide,0.95,POUNDS,0,,PF40,30.05703471,-93.7577447,census
196002,CLOSED,FINAL,4/4/2014,ASCEND PERFORMANCE MATERIALS TEXAS LLC,ASCEND PERFORMANCE MATERIALS CHOCOLATE BAYOU PLANT,BRAZORIA,EMISSIONS EVENT,3/26/2014 21:08,3/27/2014 5:08,AN 3 Waste Heat Boiler,31H4,Hydrogen cyanide,11.87,POUNDS,1.56,LBS/HR,18251,29.18161,-95.4993375,county_centroid
196046,CLOSED,FINAL,4/10/2014,ASCEND PERFORMANCE MATERIALS TEXAS LLC,ASCEND PERFORMANCE MATERIALS CHOCOLATE BAYOU PLANT,BRAZORIA,EMISSIONS EVENT,3/27/2014 19:27,3/27/2014 19:57,AN 2 Unit Waste Heat Boiler,30 H5,Hydrogen cyanide,2.76,POUNDS,1.56,LBS/HR,18251,29.18161,-95.4993375,county_centroid
196046,CLOSED,FINAL,4/10/2014,ASCEND PERFORMANCE MATERIALS TEXAS LLC,ASCEND PERFORMANCE MATERIALS CHOCOLATE BAYOU PLANT,BRAZORIA,EMISSIONS EVENT,3/27/2014 19:27,3/27/2014 19:57,AN 7 Ejector Vent Scrubber,70K316,Hydrogen cyanide,0.6,POUNDS,0.1,LBS/HR,38336,29.18161,-95.4993375,county_centroid
196046,CLOSED,FINAL,4/10/2014,ASCEND PERFORMANCE MATERIALS TEXAS LLC,ASCEND PERFORMANCE MATERIALS CHOCOLATE BAYOU PLANT,BRAZORIA,EMISSIONS EVENT,3/27/2014 19:27,3/27/2014 19:57,AN 7 Process Flare,70Z522,Hydrogen cyanide,175,POUNDS,0.28,LBS/HR,38336,29.18161,-95.4993375,county_centroid
196046,CLOSED,FINAL,4/10/2014,ASCEND PERFORMANCE MATERIALS TEXAS LLC,ASCEND PERFORMANCE MATERIALS CHOCOLATE BAYOU PLANT,BRAZORIA,EMISSIONS EVENT,3/27/2014 19:27,3/27/2014 19:57,AN 7 Process Vent flush Scrubber,70K214,Hydrogen cyanide,6.8,POUNDS,0.1,LBS/HR,38336,29.18161,-95.4993375,county_centroid
196196,CLOSED,FINAL,4/23/2014,EXXON MOBIL CORPORATION,EXXONMOBIL BAYTOWN REFINERY,HARRIS,EMISSIONS EVENT,3/31/2014 22:15,4/9/2014 21:00,FCCU-2 Wet Gas Scrubber,FCCU2WGS,Hydrogen cyanide,0.0001,POUNDS,6117.32,LBS/HR,250.69 lbs of total 250.69 lbs are authorized under Permit #18287/PSD-TX-730M4/PAL,29.756373,-94.991395,mapbox
197567,CLOSED,FINAL,5/12/2014,ASCEND PERFORMANCE MATERIALS TEXAS LLC,ASCEND PERFORMANCE MATERIALS CHOCOLATE BAYOU PLANT,BRAZORIA,EMISSIONS EVENT,4/28/2014 15:40,4/28/2014 15:55,AN3 Waste Heat Boiler,31H4,Hydrogen cyanide,126.2,POUNDS,1.56,LBS/HR,18251,29.18161,-95.4993375,county_centroid
197567,CLOSED,FINAL,5/12/2014,ASCEND PERFORMANCE MATERIALS TEXAS LLC,ASCEND PERFORMANCE MATERIALS CHOCOLATE BAYOU PLANT,BRAZORIA,EMISSIONS EVENT,4/28/2014 15:40,4/28/2014 15:55,AN7 Waste Heat Boiler,70Z401,Hydrogen cyanide,59.4,POUNDS,3.12,LBS/HR,38336,29.18161,-95.4993375,county_centroid
197674,CLOSED,FINAL,5/14/2014,ASCEND PERFORMANCE MATERIALS TEXAS LLC,ASCEND PERFORMANCE MATERIALS CHOCOLATE BAYOU PLANT,BRAZORIA,EMISSIONS EVENT,5/1/2014 0:43,5/1/2014 1:17,AN 3 Waste Heat Boiler,31H4,Hydrogen cyanide,8.59,POUNDS,1.56,LBS/HR,18251,29.18161,-95.4993375,county_centroid
198449,CLOSED,FINAL,7/9/2014,GEO SPECIALTY CHEMICALS INC,GEO SPECIALTY CHEMICALS,HARRIS,MAINTENANCE,5/19/2014 1:00,5/23/2014 1:00,(Glycine) Unit HCN Scrubber,172,Hydrogen cyanide,1e-05,POUNDS,0.026,LBS/HR,8052,29.71648,-95.09278,mapbox
198449,CLOSED,FINAL,7/9/2014,GEO SPECIALTY CHEMICALS INC,GEO SPECIALTY CHEMICALS,HARRIS,MAINTENANCE,5/19/2014 1:00,5/23/2014 1:00,HCN Tank Farm Scrubber,237,Hydrogen cyanide,1e-05,POUNDS,0.0009,LBS/HR,8052,29.71648,-95.09278,mapbox
199448,CLOSED,FINAL,6/11/2014,TOKAI CARBON CB LTD,BIG SPRING CARBON BLACK PLANT,HOWARD,EMISSIONS EVENT,6/8/2014 2:40,6/8/2014 8:40,Bag Filter Stack U# 3,Flare 3,Hydrogen cyanide,95.02,POUNDS,0,,6580/PSD-TX-151,32.278741,-101.408676,mapbox
200049,CLOSED,FINAL,7/2/2014,INV PERFORMANCE SURFACES LLC,INV NYLON CHEMICALS AMERICAS VICTORIA SITE,VICTORIA,EMISSIONS EVENT,6/22/2014 0:21,6/22/2014 11:30,HCN Start Up Flare #2,10FLR-002,Hydrogen cyanide,6.015,POUNDS,0,,NSR 7186,28.68846258,-96.94182773,census
202355,CLOSED,FINAL,8/14/2014,GEO SPECIALTY CHEMICALS INC,GEO SPECIALTY CHEMICALS,HARRIS,MAINTENANCE,8/13/2014 22:00,8/14/2014 22:00,(Glycine) Unit HCN Scrubber,172,Hydrogen cyanide,1e-05,POUNDS,0.026,LBS/HR,8052,29.71648,-95.09278,mapbox
206288,CLOSED,FINAL,11/21/2014,INV PERFORMANCE SURFACES LLC,INV NYLON CHEMICALS AMERICAS VICTORIA SITE,VICTORIA,EMISSIONS EVENT,11/9/2014 4:27,11/9/2014 8:08,ADN Operating Flare,10FLR-005,Hydrogen cyanide,974.08,POUNDS,0,,NSR Permit 7186,28.68846258,-96.94182773,census
206288,CLOSED,FINAL,11/21/2014,INV PERFORMANCE SURFACES LLC,INV NYLON CHEMICALS AMERICAS VICTORIA SITE,VICTORIA,EMISSIONS EVENT,11/9/2014 4:27,11/9/2014 8:08,HCN Startup Flare #2 MSS,10FLR-002,Hydrogen cyanide,0.1,POUNDS,347.34,LBS/HR,NSR Permit 7186,28.68846258,-96.94182773,census
207439,CLOSED,FINAL,12/19/2014,ASCEND PERFORMANCE MATERIALS TEXAS LLC,ASCEND PERFORMANCE MATERIALS CHOCOLATE BAYOU PLANT,BRAZORIA,EMISSIONS EVENT,12/13/2014 20:15,12/13/2014 21:54,AN-7 Waste Heat Boiler,70Z401,Hydrogen cyanide,19.37,POUNDS,3.12,LBS/HR,38336,29.18161,-95.4993375,county_centroid
207537,CLOSED,FINAL,12/19/2014,ASCEND PERFORMANCE MATERIALS TEXAS LLC,ASCEND PERFORMANCE MATERIALS CHOCOLATE BAYOU PLANT,BRAZORIA,EMISSIONS EVENT,12/15/2014 19:48,12/15/2014 21:01,AN-7 Waste Heat Boiler,70Z401,Hydrogen cyanide,14,POUNDS,3.12,LBS/HR,38336,29.18161,-95.4993375,county_centroid
207704,CLOSED,FINAL,12/31/2014,INV PERFORMANCE SURFACES LLC,INV NYLON CHEMICALS AMERICAS ORANGE SITE,ORANGE,EMISSIONS EVENT,12/20/2014 20:07,12/20/2014 20:28,3030 Fugitives,PH401,Hydrogen cyanide,6.25,POUNDS,0,,1302 & PSD-TX-1085,30.05703471,-93.7577447,census
207753,CLOSED,FINAL,1/2/2015,EXXON MOBIL CORPORATION,EXXONMOBIL BAYTOWN REFINERY,HARRIS,EMISSIONS EVENT,12/21/2014 3:00,12/21/2014 14:59,FCCU3 WGS Stack,FCCU3WGS,Hydrogen cyanide,1e-05,POUNDS,6117.32,LBS/HR,28.13 lbs of the total 28.13 lbs are authorized under Permit # 18287/PSD-TX-730M4/PAL7,29.756373,-94.991395,mapbox
208278,CLOSED,FINAL,1/21/2015,ASCEND PERFORMANCE MATERIALS TEXAS LLC,ASCEND PERFORMANCE MATERIALS CHOCOLATE BAYOU PLANT,BRAZORIA,EMISSIONS EVENT,1/8/2015 4:56,1/8/2015 7:24,AN-7 Waste Heat Boiler,70Z401,Hydrogen cyanide,29.2,POUNDS,3.12,LBS/HR,38336,29.18161,-95.4993375,county_centroid
208339,CLOSED,FINAL,1/22/2015,INV PERFORMANCE SURFACES LLC,INV NYLON CHEMICALS AMERICAS ORANGE SITE,ORANGE,EMISSIONS EVENT,1/11/2015 6:45,1/11/2015 9:15,ADN Op Flare,PH3,Hydrogen cyanide,92,POUNDS,0,,1302 & PSD-TX-1085,30.05703471,-93.7577447,census
208339,CLOSED,FINAL,1/22/2015,INV PERFORMANCE SURFACES LLC,INV NYLON CHEMICALS AMERICAS ORANGE SITE,ORANGE,EMISSIONS EVENT,1/11/2015 6:45,1/11/2015 9:15,South ADN Boiler,PF40,Hydrogen cyanide,8.6,POUNDS,0,,1302 & TX-PSD-1085,30.05703471,-93.7577447,census
210290,CLOSED,FINAL,3/2/2015,INV PERFORMANCE SURFACES LLC,INV NYLON CHEMICALS AMERICAS ORANGE SITE,ORANGE,EMISSIONS EVENT,2/16/2015 15:04,2/17/2015 2:58,3030 Fugitives,PH401,Hydrogen cyanide,6.2,POUNDS,0,,1302 & PSD-TX-1085,30.05703471,-93.7577447,census
210455,CLOSED,FINAL,3/5/2015,INV PERFORMANCE SURFACES LLC,INV NYLON CHEMICALS AMERICAS ORANGE SITE,ORANGE,EMISSIONS EVENT,2/19/2015 16:00,2/19/2015 17:45,Building 3030 Fugitives,PH401,Hydrogen cyanide,5,POUNDS,0,,1302 & PSD-TX-1085,30.05703471,-93.7577447,census
210455,CLOSED,FINAL,3/5/2015,INV PERFORMANCE SURFACES LLC,INV NYLON CHEMICALS AMERICAS ORANGE SITE,ORANGE,EMISSIONS EVENT,2/19/2015 16:00,2/19/2015 17:45,Start-Up Flare,PH2,Hydrogen cyanide,3,POUNDS,0,,1302 & PSD-TX-1085,30.05703471,-93.7577447,census
210653,CLOSED,FINAL,3/11/2015,INV PERFORMANCE SURFACES LLC,INV NYLON CHEMICALS AMERICAS ORANGE SITE,ORANGE,EMISSIONS EVENT,2/25/2015 8:31,2/25/2015 12:32,Building 3030 Fugitives,PH401,Hydrogen cyanide,1,POUNDS,0,,1302 & PSD-TX-1085,30.05703471,-93.7577447,census
210861,CLOSED,FINAL,3/16/2015,INV PERFORMANCE SURFACES LLC,INV NYLON CHEMICALS AMERICAS VICTORIA SITE,VICTORIA,MAINTENANCE,3/3/2015 14:05,3/3/2015 14:25,HMD MSS Fugitives,04FUG-MSS,Hydrogen cyanide,0.3585,POUNDS,10,POUNDS,NSR 23271,28.68846258,-96.94182773,census
211008,CLOSED,FINAL,3/20/2015,ASCEND PERFORMANCE MATERIALS TEXAS LLC,ASCEND PERFORMANCE MATERIALS CHOCOLATE BAYOU PLANT,BRAZORIA,EMISSIONS EVENT,3/6/2015 5:03,3/6/2015 6:34,AN-7 Waste Heat Boiler,70Z401,Hydrogen cyanide,16.27,POUNDS,3.12,LBS/HR,38336,29.18161,-95.4993375,county_centroid
211330,CLOSED,FINAL,3/27/2015,ASCEND PERFORMANCE MATERIALS TEXAS LLC,ASCEND PERFORMANCE MATERIALS CHOCOLATE BAYOU PLANT,BRAZORIA,EMISSIONS EVENT,3/13/2015 16:36,3/13/2015 17:37,AN-2 Waste Heat Boiler,30H5,Hydrogen cyanide,376.6,POUNDS,1.56,LBS/HR,18251,29.18161,-95.4993375,county_centroid
212223,CLOSED,FINAL,4/22/2015,INV PERFORMANCE SURFACES LLC,INV NYLON CHEMICALS AMERICAS VICTORIA SITE,VICTORIA,EMISSIONS EVENT,4/5/2015 17:30,4/8/2015 17:30,ADN Operating Flare,10FLR005,Hydrogen cyanide,1555.02,POUNDS,397.77,LBS/HR,No specific emissions authorization,28.68846258,-96.94182773,census
212453,CLOSED,FINAL,4/23/2015,INV PERFORMANCE SURFACES LLC,INV NYLON CHEMICALS AMERICAS ORANGE SITE,ORANGE,EMISSIONS EVENT,4/8/2015 23:58,4/9/2015 4:00,ADN OP FLARE,PH3,Hydrogen cyanide,43,POUNDS,0,,1302 & PSD-TX-1085,30.05703471,-93.7577447,census
212812,CLOSED,FINAL,5/2/2015,INV PERFORMANCE SURFACES LLC,INV NYLON CHEMICALS AMERICAS VICTORIA SITE,VICTORIA,MAINTENANCE,4/20/2015 11:17,4/20/2015 11:39,HMD MSS Fugitives,04FUG-MSS,Hydrogen cyanide,0.00852,POUNDS,10,POUNDS,NSR 23271,28.68846258,-96.94182773,census
213125,CLOSED,FINAL,5/7/2015,ASCEND PERFORMANCE MATERIALS TEXAS LLC,ASCEND PERFORMANCE MATERIALS CHOCOLATE BAYOU PLANT,BRAZORIA,EMISSIONS EVENT,4/23/2015 17:45,4/23/2015 19:15,AN-7 Waste Heat Boiler,70Z401,Hydrogen cyanide,13.9,POUNDS,3.12,LBS/HR,38336,29.18161,-95.4993375,county_centroid
213126,CLOSED,FINAL,5/8/2015,ASCEND PERFORMANCE MATERIALS TEXAS LLC,ASCEND PERFORMANCE MATERIALS CHOCOLATE BAYOU PLANT,BRAZORIA,EMISSIONS EVENT,4/24/2015 11:58,4/24/2015 13:04,AN-7 Waste Heat Boiler,70Z401,Hydrogen cyanide,10.4,POUNDS,3.12,LBS/HR,38336,29.18161,-95.4993375,county_centroid
213143,CLOSED,FINAL,5/8/2015,ASCEND PERFORMANCE MATERIALS TEXAS LLC,ASCEND PERFORMANCE MATERIALS CHOCOLATE BAYOU PLANT,BRAZORIA,EMISSIONS EVENT,4/25/2015 15:30,4/25/2015 16:27,AN-7 Waste Heat Boiler,70Z401,Hydrogen cyanide,9.5,POUNDS,3.12,LBS/HR,38336,29.18161,-95.4993375,county_centroid
213212,CLOSED,FINAL,5/8/2015,ASCEND PERFORMANCE MATERIALS TEXAS LLC,ASCEND PERFORMANCE MATERIALS CHOCOLATE BAYOU PLANT,BRAZORIA,EMISSIONS EVENT,4/26/2015 16:13,4/27/2015 11:15,AN-7 Waste Heat Boiler,70Z401,Hydrogen cyanide,55.6,POUNDS,3.12,LBS/HR,38336,29.18161,-95.4993375,county_centroid
216895,CLOSED,FINAL,8/6/2015,CABOT CORPORATION,CABOT PAMPA PLANT,GRAY,MAINTENANCE,7/20/2015 8:00,7/22/2015 8:00,GP- 2 Dryer Stack,93,Hydrogen cyanide,7.27,POUNDS,7.27,LBS/HR,40088/PSDTX934M1,35.3711816,-100.7892236,county_centroid
216803,CLOSED,FINAL,8/6/2015,CABOT CORPORATION,CABOT PAMPA PLANT,GRAY,MAINTENANCE,7/21/2015 8:00,7/22/2015 8:00,GP- 2 Dryer Stack,93,Hydrogen cyanide,7.27,POUNDS,7.27,LBS/HR,40088/PSDTX934M1,35.3711816,-100.7892236,county_centroid
218221,CLOSED,FINAL,8/17/2015,INV PERFORMANCE SURFACES LLC,INV NYLON CHEMICALS AMERICAS ORANGE SITE,ORANGE,EMISSIONS EVENT,8/3/2015 12:06,8/3/2015 18:44,ADN Operating Flare,PH3,Hydrogen cyanide,1.1,POUNDS,0,,1302 & PSD-TX-1085,30.05703471,-93.7577447,census
218221,CLOSED,FINAL,8/17/2015,INV PERFORMANCE SURFACES LLC,INV NYLON CHEMICALS AMERICAS ORANGE SITE,ORANGE,EMISSIONS EVENT,8/3/2015 12:06,8/3/2015 18:44,Building 3092 Fugitives,PA406,Hydrogen cyanide,0.04,POUNDS,0,,1302 & PSD-TX-1085,30.05703471,-93.7577447,census
218221,CLOSED,FINAL,8/17/2015,INV PERFORMANCE SURFACES LLC,INV NYLON CHEMICALS AMERICAS ORANGE SITE,ORANGE,EMISSIONS EVENT,8/3/2015 12:06,8/3/2015 18:44,North ADN Boiler,PF41,Hydrogen cyanide,0.02,POUNDS,0,,1302 & PSD-TX-1085,30.05703471,-93.7577447,census
218221,CLOSED,FINAL,8/17/2015,INV PERFORMANCE SURFACES LLC,INV NYLON CHEMICALS AMERICAS ORANGE SITE,ORANGE,EMISSIONS EVENT,8/3/2015 12:06,8/3/2015 18:44,South ADN Boiler,PF40,Hydrogen cyanide,0.06,POUNDS,0,,1302 & PSD-TX-1085,30.05703471,-93.7577447,census
218221,CLOSED,FINAL,8/17/2015,INV PERFORMANCE SURFACES LLC,INV NYLON CHEMICALS AMERICAS ORANGE SITE,ORANGE,EMISSIONS EVENT,8/3/2015 12:06,8/3/2015 18:44,Startup Flare,PH2,Hydrogen cyanide,0.35,POUNDS,0,,1302 & PSD-TX-1085,30.05703471,-93.7577447,census
218858,CLOSED,FINAL,8/28/2015,ASCEND PERFORMANCE MATERIALS TEXAS LLC,ASCEND PERFORMANCE MATERIALS CHOCOLATE BAYOU PLANT,BRAZORIA,EMISSIONS EVENT,8/12/2015 21:30,8/14/2015 21:25,AN-2 Turnaround MSS Activities,30Turnaround-MS,Hydrogen cyanide,2374,POUNDS,0.44,LBS/HR,18251,29.18161,-95.4993375,county_centroid
219083,CLOSED,FINAL,9/10/2015,VALERO REFINING-TEXAS LP,VALERO REFINING TEXAS CITY REFINERY,GALVESTON,EMISSIONS EVENT,8/20/2015 5:50,8/27/2015 9:00,FCCU Regenerator Vent,EG-001,Hydrogen cyanide,65,POUNDS,94.11,LBS/HR,Permit Number: 39142,29.36751,-94.9088,mapbox
219161,CLOSED,FINAL,9/4/2015,ASCEND PERFORMANCE MATERIALS TEXAS LLC,ASCEND PERFORMANCE MATERIALS CHOCOLATE BAYOU PLANT,BRAZORIA,EMISSIONS EVENT,8/22/2015 13:43,8/22/2015 14:59,AN 3 Waste Heat Boiler,31H4,Hydrogen cyanide,37,POUNDS,1.56,LBS/HR,18251,29.18161,-95.4993375,county_centroid
219161,CLOSED,FINAL,9/4/2015,ASCEND PERFORMANCE MATERIALS TEXAS LLC,ASCEND PERFORMANCE MATERIALS CHOCOLATE BAYOU PLANT,BRAZORIA,EMISSIONS EVENT,8/22/2015 13:43,8/22/2015 14:59,AN-2 Waste Heat Boiler,30H5,Hydrogen cyanide,59,POUNDS,1.56,LBS/HR,18251,29.18161,-95.4993375,county_centroid
219159,CLOSED,INITIAL,8/23/2015,VALERO REFINING-TEXAS LP,VALERO REFINING TEXAS CITY REFINERY,GALVESTON,AIR STARTUP,8/23/2015 10:00,8/26/2015 10:00,Reactor Vent,EG-001,Hydrogen cyanide,19.5,POUNDS,94.11,LBS/HR,Permit Number: 39142,29.36751,-94.9088,mapbox
219414,CLOSED,FINAL,9/9/2015,ASCEND PERFORMANCE MATERIALS TEXAS LLC,ASCEND PERFORMANCE MATERIALS CHOCOLATE BAYOU PLANT,BRAZORIA,EMISSIONS EVENT,8/26/2015 7:39,8/26/2015 7:59,AN-3 Waste Heat Boiler,31H4,Hydrogen cyanide,15,POUNDS,1.56,LBS/HR,18251,29.18161,-95.4993375,county_centroid
218915,CLOSED,FINAL,9/14/2015,CABOT CORPORATION,CABOT PAMPA PLANT,GRAY,MAINTENANCE,8/27/2015 13:45,8/30/2015 10:05,GP-2 Dryer Stack,EPN 93,Hydrogen cyanide,497.12,POUNDS,7.27,LBS/HR,40088/PSDTX934M1,35.3711816,-100.7892236,county_centroid
219551,CLOSED,FINAL,9/15/2015,INV PERFORMANCE SURFACES LLC,INV NYLON CHEMICALS AMERICAS VICTORIA SITE,VICTORIA,MAINTENANCE,9/2/2015 11:00,9/2/2015 11:15,HMD MSS Fugitives,04FUG - MSS,Hydrogen cyanide,0.04258,POUNDS,10,POUNDS,NSR 23271,28.68846258,-96.94182773,census
220355,CLOSED,FINAL,10/2/2015,ASCEND PERFORMANCE MATERIALS TEXAS LLC,ASCEND PERFORMANCE MATERIALS CHOCOLATE BAYOU PLANT,BRAZORIA,EMISSIONS EVENT,9/18/2015 5:11,9/19/2015 17:11,Acrylonitrile Unit 3 Waste Heat Boiler,31H4,Hydrogen cyanide,63,POUNDS,1.56,LBS/HR,18251,29.18161,-95.4993375,county_centroid
220355,CLOSED,FINAL,10/2/2015,ASCEND PERFORMANCE MATERIALS TEXAS LLC,ASCEND PERFORMANCE MATERIALS CHOCOLATE BAYOU PLANT,BRAZORIA,EMISSIONS EVENT,9/18/2015 5:11,9/19/2015 17:11,AN7 Waste Heat Boiler,70Z401,Hydrogen cyanide,123.1,POUNDS,3.12,LBS/HR,38336,29.18161,-95.4993375,county_centroid
220355,CLOSED,FINAL,10/2/2015,ASCEND PERFORMANCE MATERIALS TEXAS LLC,ASCEND PERFORMANCE MATERIALS CHOCOLATE BAYOU PLANT,BRAZORIA,EMISSIONS EVENT,9/18/2015 5:11,9/19/2015 17:11,Circulating Water Tank,31T16,Hydrogen cyanide,0.2,POUNDS,0.43,LBS/HR,18251,29.18161,-95.4993375,county_centroid
220355,CLOSED,FINAL,10/2/2015,ASCEND PERFORMANCE MATERIALS TEXAS LLC,ASCEND PERFORMANCE MATERIALS CHOCOLATE BAYOU PLANT,BRAZORIA,EMISSIONS EVENT,9/18/2015 5:11,9/19/2015 17:11,Process Flush Vent Scrubber,70K214,Hydrogen cyanide,3.4,POUNDS,0.1,LBS/HR,38366,29.18161,-95.4993375,county_centroid
220355,CLOSED,FINAL,10/2/2015,ASCEND PERFORMANCE MATERIALS TEXAS LLC,ASCEND PERFORMANCE MATERIALS CHOCOLATE BAYOU PLANT,BRAZORIA,EMISSIONS EVENT,9/18/2015 5:11,9/19/2015 17:11,Process Fugitives,70ANFug,Hydrogen cyanide,0.1,POUNDS,0.03,LBS/HR,38366,29.18161,-95.4993375,county_centroid
220357,CLOSED,FINAL,10/2/2015,ASCEND PERFORMANCE MATERIALS LLC,ASCEND PERFORMANCE MATERIALS CHOCOLATE BAYOU PLANT,BRAZORIA,EMISSIONS EVENT,9/18/2015 5:11,9/21/2015 2:30,"320T302, 320T312, 320T315 Tanks Scrubber",320Z322,Hydrogen cyanide,13.38,POUNDS,1,LBS/HR,38998,29.18161,-95.4993375,county_centroid
225032,CLOSED,FINAL,1/10/2016,ASCEND PERFORMANCE MATERIALS TEXAS LLC,ASCEND PERFORMANCE MATERIALS CHOCOLATE BAYOU PLANT,BRAZORIA,EMISSIONS EVENT,12/27/2015 16:36,12/27/2015 22:01,Acrylonitrile Unit 2 Waste Heat Boiler,30H5,Hydrogen cyanide,3,POUNDS,1.56,LBS/HR,18251,29.18161,-95.4993375,county_centroid
225032,CLOSED,FINAL,1/10/2016,ASCEND PERFORMANCE MATERIALS TEXAS LLC,ASCEND PERFORMANCE MATERIALS CHOCOLATE BAYOU PLANT,BRAZORIA,EMISSIONS EVENT,12/27/2015 16:36,12/27/2015 22:01,Acrylonitrile Unit 3 Waste Heat Boiler,31H4,Hydrogen cyanide,1.3,POUNDS,1.56,LBS/HR,18251,29.18161,-95.4993375,county_centroid
225032,CLOSED,FINAL,1/10/2016,ASCEND PERFORMANCE MATERIALS TEXAS LLC,ASCEND PERFORMANCE MATERIALS CHOCOLATE BAYOU PLANT,BRAZORIA,EMISSIONS EVENT,12/27/2015 16:36,12/27/2015 22:01,AN7 Process Flare,70Z522,Hydrogen cyanide,1.669,POUNDS,0.28,LBS/HR,38336,29.18161,-95.4993375,county_centroid
225032,CLOSED,FINAL,1/10/2016,ASCEND PERFORMANCE MATERIALS TEXAS LLC,ASCEND PERFORMANCE MATERIALS CHOCOLATE BAYOU PLANT,BRAZORIA,EMISSIONS EVENT,12/27/2015 16:36,12/27/2015 22:01,Auxiliary Flush Tank Scrubber,70K514,Hydrogen cyanide,0.052,POUNDS,0.1,LBS/HR,38336,29.18161,-95.4993375,county_centroid
225032,CLOSED,FINAL,1/10/2016,ASCEND PERFORMANCE MATERIALS TEXAS LLC,ASCEND PERFORMANCE MATERIALS CHOCOLATE BAYOU PLANT,BRAZORIA,EMISSIONS EVENT,12/27/2015 16:36,12/27/2015 22:01,Ejector Vent Scrubber,70K316,Hydrogen cyanide,0.595,POUNDS,0.1,LBS/HR,38336,29.18161,-95.4993375,county_centroid
225032,CLOSED,FINAL,1/10/2016,ASCEND PERFORMANCE MATERIALS TEXAS LLC,ASCEND PERFORMANCE MATERIALS CHOCOLATE BAYOU PLANT,BRAZORIA,EMISSIONS EVENT,12/27/2015 16:36,12/27/2015 22:01,Recycle Water Tank Scrubber,70K515,Hydrogen cyanide,0.194,POUNDS,0.1,LBS/HR,38336,29.18161,-95.4993375,county_centroid
225215,CLOSED,FINAL,1/14/2016,ASCEND PERFORMANCE MATERIALS TEXAS LLC,ASCEND PERFORMANCE MATERIALS CHOCOLATE BAYOU PLANT,BRAZORIA,EMISSIONS EVENT,1/1/2016 7:09,1/1/2016 7:59,AN-3 Waste Heat Boiler,31H4,Hydrogen cyanide,22.2,POUNDS,1.56,LBS/HR,18251,29.18161,-95.4993375,county_centroid
228391,CLOSED,FINAL,3/9/2016,INV PERFORMANCE SURFACES LLC,INV NYLON CHEMICALS AMERICAS VICTORIA SITE,VICTORIA,MAINTENANCE,2/29/2016 9:00,2/29/2016 10:00,East Benzene Reciever Tank,11TFX049,Hydrogen cyanide,0.35853,POUNDS,0,,23271,28.68846258,-96.94182773,census
228864,CLOSED,FINAL,3/18/2016,INV PERFORMANCE SURFACES LLC,INV NYLON CHEMICALS AMERICAS ORANGE SITE,ORANGE,EMISSIONS EVENT,3/7/2016 23:00,3/8/2016 16:58,3092 Building Fugitives,PA406,Hydrogen cyanide,2.4,POUNDS,0,,1302 & PSD-TX-1085,30.05703471,-93.7577447,census
228864,CLOSED,FINAL,3/18/2016,INV PERFORMANCE SURFACES LLC,INV NYLON CHEMICALS AMERICAS ORANGE SITE,ORANGE,EMISSIONS EVENT,3/7/2016 23:00,3/8/2016 16:58,Filter Feed Tank,PT359,Hydrogen cyanide,0.19,POUNDS,0,,1302 & PSD-TX-1085,30.05703471,-93.7577447,census
228864,CLOSED,FINAL,3/18/2016,INV PERFORMANCE SURFACES LLC,INV NYLON CHEMICALS AMERICAS ORANGE SITE,ORANGE,EMISSIONS EVENT,3/7/2016 23:00,3/8/2016 16:58,HCN Aqueous Tank (HAS),PT358,Hydrogen cyanide,1.3,POUNDS,0,,1302 & PSD-TX-1085,30.05703471,-93.7577447,census
228864,CLOSED,FINAL,3/18/2016,INV PERFORMANCE SURFACES LLC,INV NYLON CHEMICALS AMERICAS ORANGE SITE,ORANGE,EMISSIONS EVENT,3/7/2016 23:00,3/8/2016 16:58,Nitrile Aqueous Tank (NAS),PT360,Hydrogen cyanide,0.16,POUNDS,0,,1302 & PSD-TX-1085,30.05703471,-93.7577447,census
231583,CLOSED,FINAL,5/2/2016,EXXON MOBIL CORPORATION,EXXONMOBIL BAYTOWN REFINERY,HARRIS,EMISSIONS EVENT,4/18/2016 6:30,4/18/2016 15:30,FCCU3 Wet Gas Scrubber,FCCU3WGS,Hydrogen cyanide,1e-05,POUNDS,6117.32,LBS/HR,16.63 lbs of total 16.63 lbs authorized under Permit #18287/PSD-TX-730M4/PAL7.,29.756373,-94.991395,mapbox
232412,CLOSED,FINAL,5/11/2016,INV PERFORMANCE SURFACES LLC,INV NYLON CHEMICALS AMERICAS VICTORIA SITE,VICTORIA,EMISSIONS EVENT,4/28/2016 13:18,4/28/2016 16:03,ADN Operating Flare,10FLR005,Hydrogen cyanide,25.33,POUNDS,0,,7186,28.68846258,-96.94182773,census
235400,CLOSED,FINAL,6/22/2016,INV PERFORMANCE SURFACES LLC,INV NYLON CHEMICALS AMERICAS ORANGE SITE,ORANGE,EMISSIONS EVENT,6/8/2016 21:00,6/10/2016 19:30,ADN Op Flare,PH3,Hydrogen cyanide,3.51,POUNDS,0,,1302 & PSD-TX-1085,30.05703471,-93.7577447,census
235400,CLOSED,FINAL,6/22/2016,INV PERFORMANCE SURFACES LLC,INV NYLON CHEMICALS AMERICAS ORANGE SITE,ORANGE,EMISSIONS EVENT,6/8/2016 21:00,6/10/2016 19:30,North ADN Boiler,PF41,Hydrogen cyanide,0.05,POUNDS,0,,1302 & PSD-TX-1085,30.05703471,-93.7577447,census
235400,CLOSED,FINAL,6/22/2016,INV PERFORMANCE SURFACES LLC,INV NYLON CHEMICALS AMERICAS ORANGE SITE,ORANGE,EMISSIONS EVENT,6/8/2016 21:00,6/10/2016 19:30,South ADN Boiler,PF40,Hydrogen cyanide,0.05,POUNDS,0,,1302 & PSD-TX-1085,30.05703471,-93.7577447,census
235882,CLOSED,FINAL,7/1/2016,INV PERFORMANCE SURFACES LLC,INV NYLON CHEMICALS AMERICAS VICTORIA SITE,VICTORIA,EMISSIONS EVENT,6/17/2016 9:21,6/17/2016 10:42,#1 HCN start-up flare,10FLR-001,Hydrogen cyanide,222.46,POUNDS,347.34,LBS/HR,NSR Permit 7186,28.68846258,-96.94182773,census
235907,CLOSED,FINAL,6/30/2016,INV PERFORMANCE SURFACES LLC,INV NYLON CHEMICALS AMERICAS ORANGE SITE,ORANGE,EMISSIONS EVENT,6/18/2016 8:25,6/19/2016 0:15,ADN Op Flare,PH3,Hydrogen cyanide,118.65,POUNDS,0,,1302 & PSD-TX-1085,30.05703471,-93.7577447,census
235907,CLOSED,FINAL,6/30/2016,INV PERFORMANCE SURFACES LLC,INV NYLON CHEMICALS AMERICAS ORANGE SITE,ORANGE,EMISSIONS EVENT,6/18/2016 8:25,6/19/2016 0:15,North ADN Boiler,PF41,Hydrogen cyanide,1.23,POUNDS,0,,1302 & PSD-TX-1085,30.05703471,-93.7577447,census
235907,CLOSED,FINAL,6/30/2016,INV PERFORMANCE SURFACES LLC,INV NYLON CHEMICALS AMERICAS ORANGE SITE,ORANGE,EMISSIONS EVENT,6/18/2016 8:25,6/19/2016 0:15,South ADN Boiler,PF40,Hydrogen cyanide,0.04,POUNDS,0,,1302 & PSD-TX-1085,30.05703471,-93.7577447,census
236240,CLOSED,FINAL,7/7/2016,INV PERFORMANCE SURFACES LLC,INV NYLON CHEMICALS AMERICAS VICTORIA SITE,VICTORIA,EMISSIONS EVENT,6/23/2016 11:53,6/26/2016 16:19,Adiponitrile Flare,10FLR005,Hydrogen cyanide,25.01,POUNDS,0,,7186,28.68846258,-96.94182773,census
236853,CLOSED,FINAL,7/12/2016,GB BIOSCIENCES LLC,GREEN BAYOU PLANT,HARRIS,EMISSIONS EVENT,7/4/2016 20:45,7/5/2016 9:09,IPN Cold Stack,GBP004,Hydrogen cyanide,10.8,POUNDS,0.05,LBS/HR,4893A,29.76132793,-95.1822415,census
240550,CLOSED,FINAL,8/16/2016,INV PERFORMANCE SURFACES LLC,INV NYLON CHEMICALS AMERICAS VICTORIA SITE,VICTORIA,EMISSIONS EVENT,8/1/2016 15:37,8/2/2016 7:45,Adiponitrile Unit General EPN,10UPSET,Hydrogen cyanide,4140,POUNDS,0,,7186,28.68846258,-96.94182773,census
244605,CLOSED,FINAL,10/11/2016,ASCEND PERFORMANCE MATERIALS TEXAS LLC,ASCEND PERFORMANCE MATERIALS CHOCOLATE BAYOU PLANT,BRAZORIA,EMISSIONS EVENT,9/27/2016 1:18,9/27/2016 14:10,Acrylonitrile Unit 2 Waste Heat Boiler,30H5,Hydrogen cyanide,205,POUNDS,1.56,LBS/HR,18251,29.18161,-95.4993375,county_centroid
244605,CLOSED,FINAL,10/11/2016,ASCEND PERFORMANCE MATERIALS TEXAS LLC,ASCEND PERFORMANCE MATERIALS CHOCOLATE BAYOU PLANT,BRAZORIA,EMISSIONS EVENT,9/27/2016 1:18,9/27/2016 14:10,Acrylonitrile Unit 3 Waste Heat Boiler,31H4,Hydrogen cyanide,127,POUNDS,1.56,LBS/HR,18251,29.18161,-95.4993375,county_centroid
244605,CLOSED,FINAL,10/11/2016,ASCEND PERFORMANCE MATERIALS TEXAS LLC,ASCEND PERFORMANCE MATERIALS CHOCOLATE BAYOU PLANT,BRAZORIA,EMISSIONS EVENT,9/27/2016 1:18,9/27/2016 14:10,AN7 Process Flare,70Z522,Hydrogen cyanide,11.408,POUNDS,0.28,LBS/HR,38336,29.18161,-95.4993375,county_centroid
244605,CLOSED,FINAL,10/11/2016,ASCEND PERFORMANCE MATERIALS TEXAS LLC,ASCEND PERFORMANCE MATERIALS CHOCOLATE BAYOU PLANT,BRAZORIA,EMISSIONS EVENT,9/27/2016 1:18,9/27/2016 14:10,AN7 Waste Heat Boiler,70Z401,Hydrogen cyanide,35,POUNDS,3.12,LBS/HR,38336,29.18161,-95.4993375,county_centroid
244605,CLOSED,FINAL,10/11/2016,ASCEND PERFORMANCE MATERIALS TEXAS LLC,ASCEND PERFORMANCE MATERIALS CHOCOLATE BAYOU PLANT,BRAZORIA,EMISSIONS EVENT,9/27/2016 1:18,9/27/2016 14:10,Ejector Vent Scrubber,70K316,Hydrogen cyanide,0.292,POUNDS,0.1,LBS/HR,38336,29.18161,-95.4993375,county_centroid
244605,CLOSED,FINAL,10/11/2016,ASCEND PERFORMANCE MATERIALS TEXAS LLC,ASCEND PERFORMANCE MATERIALS CHOCOLATE BAYOU PLANT,BRAZORIA,EMISSIONS EVENT,9/27/2016 1:18,9/27/2016 14:10,Quencher Tank Scrubber,70K504,Hydrogen cyanide,11.128,POUNDS,0.18,LBS/HR,38336,29.18161,-95.4993375,county_centroid
244605,CLOSED,FINAL,10/11/2016,ASCEND PERFORMANCE MATERIALS TEXAS LLC,ASCEND PERFORMANCE MATERIALS CHOCOLATE BAYOU PLANT,BRAZORIA,EMISSIONS EVENT,9/27/2016 1:18,9/27/2016 14:10,Recycle Water Tank Scrubber,70K515,Hydrogen cyanide,8.767,POUNDS,0.1,LBS/HR,38336,29.18161,-95.4993375,county_centroid
245303,CLOSED,FINAL,10/24/2016,INV PERFORMANCE SURFACES LLC,INV NYLON CHEMICALS AMERICAS VICTORIA SITE,VICTORIA,EMISSIONS EVENT,10/10/2016 19:31,10/10/2016 19:36,Adiponitrile Unit,10UPSET,Hydrogen cyanide,57,POUNDS,0,,7186,28.68846258,-96.94182773,census
246172,CLOSED,FINAL,12/7/2016,INV PERFORMANCE SURFACES LLC,INV NYLON CHEMICALS AMERICAS VICTORIA SITE,VICTORIA,EMISSIONS EVENT,10/27/2016 12:35,10/27/2016 13:59,general epn,04PRC,Hydrogen cyanide,0.947,POUNDS,10,POUNDS,23271,28.68846258,-96.94182773,census
246862,CLOSED,FINAL,11/22/2016,ASCEND PERFORMANCE MATERIALS TEXAS LLC,ASCEND PERFORMANCE MATERIALS CHOCOLATE BAYOU PLANT,BRAZORIA,EMISSIONS EVENT,11/10/2016 9:09,11/10/2016 14:50,Acrylonitrile Unit 3 Waste Heat Boiler,31H4,Hydrogen cyanide,0.1,POUNDS,1.56,LBS/HR,18251,29.18161,-95.4993375,county_centroid
246862,CLOSED,FINAL,11/22/2016,ASCEND PERFORMANCE MATERIALS TEXAS LLC,ASCEND PERFORMANCE MATERIALS CHOCOLATE BAYOU PLANT,BRAZORIA,EMISSIONS EVENT,11/10/2016 9:09,11/10/2016 14:50,AN7 Process Flare,70Z522,Hydrogen cyanide,3.141,POUNDS,0.28,LBS/HR,38336,29.18161,-95.4993375,county_centroid
246862,CLOSED,FINAL,11/22/2016,ASCEND PERFORMANCE MATERIALS TEXAS LLC,ASCEND PERFORMANCE MATERIALS CHOCOLATE BAYOU PLANT,BRAZORIA,EMISSIONS EVENT,11/10/2016 9:09,11/10/2016 14:50,Ejector Vent Scrubber,70K316,Hydrogen cyanide,0.129,POUNDS,0.1,LBS/HR,38336,29.18161,-95.4993375,county_centroid
246862,CLOSED,FINAL,11/22/2016,ASCEND PERFORMANCE MATERIALS TEXAS LLC,ASCEND PERFORMANCE MATERIALS CHOCOLATE BAYOU PLANT,BRAZORIA,EMISSIONS EVENT,11/10/2016 9:09,11/10/2016 14:50,Quench Tank Scrubber,70K504,Hydrogen cyanide,5.881,POUNDS,0.18,LBS/HR,38336,29.18161,-95.4993375,county_centroid
246862,CLOSED,FINAL,11/22/2016,ASCEND PERFORMANCE MATERIALS TEXAS LLC,ASCEND PERFORMANCE MATERIALS CHOCOLATE BAYOU PLANT,BRAZORIA,EMISSIONS EVENT,11/10/2016 9:09,11/10/2016 14:50,Recycle Water Tank Scrubber,70K515,Hydrogen cyanide,4.183,POUNDS,0.1,LBS/HR,38336,29.18161,-95.4993375,county_centroid
247537,CLOSED,FINAL,12/5/2016,ROHM AND HAAS TEXAS INCORPORATED,ROHM AND HAAS TEXAS DEER PARK PLANT,HARRIS,EMISSIONS EVENT,11/21/2016 10:10,11/21/2016 10:30,N-7,N-UP,Hydrogen cyanide,112.5,POUNDS,0,,No specific authorizations for this facility,29.732399,-95.104035,mapbox
247992,CLOSED,FINAL,12/20/2016,INV PERFORMANCE SURFACES LLC,INV NYLON CHEMICALS AMERICAS VICTORIA SITE,VICTORIA,MAINTENANCE,12/13/2016 8:00,12/13/2016 8:01,HMD MSS Fugitives,04FUG-MSS,Hydrogen cyanide,0.0001,POUNDS,10,POUNDS,NSR 23271,28.68846258,-96.94182773,census
248863,CLOSED,FINAL,12/30/2016,INV PERFORMANCE SURFACES LLC,INV NYLON CHEMICALS AMERICAS VICTORIA SITE,VICTORIA,EMISSIONS EVENT,12/16/2016 17:23,12/16/2016 18:01,ADN Operating Flare,10FLR-005,Hydrogen cyanide,1,POUNDS,0,,NSR 7186,28.68846258,-96.94182773,census
249739,CLOSED,FINAL,1/13/2017,INV PERFORMANCE SURFACES LLC,INV NYLON CHEMICALS AMERICAS ORANGE SITE,ORANGE,EMISSIONS EVENT,1/2/2017 21:29,1/2/2017 21:58,BUILDING 3030 FUGITIVES,FH401,Hydrogen cyanide,4.02,POUNDS,0,,1302 & PSD-TX-1085,30.05703471,-93.7577447,census
250820,CLOSED,FINAL,1/19/2017,EXXON MOBIL CORPORATION,EXXONMOBIL BAYTOWN REFINERY,HARRIS,EMISSIONS EVENT,1/7/2017 7:45,1/7/2017 17:30,FCCU3 Wet Gas Scrubber (WGS),FCCU3WGS,Hydrogen cyanide,1e-05,POUNDS,6117.32,LBS/HR,21.2 lbs of total 21.2 lbs are authorized under Permit #18287/PSD-TX-730M4/PAL7,29.756373,-94.991395,mapbox
251300,CLOSED,FINAL,2/14/2017,INV PERFORMANCE SURFACES LLC,INV NYLON CHEMICALS AMERICAS ORANGE SITE,ORANGE,EMISSIONS EVENT,1/26/2017 23:35,2/1/2017 11:52,ADN Operating Flare,PH3,Hydrogen cyanide,0.02,POUNDS,0,,1302 & PSD-TX-1085,30.05703471,-93.7577447,census
251300,CLOSED,FINAL,2/14/2017,INV PERFORMANCE SURFACES LLC,INV NYLON CHEMICALS AMERICAS ORANGE SITE,ORANGE,EMISSIONS EVENT,1/26/2017 23:35,2/1/2017 11:52,AMMONIA FLARE,FH70,Hydrogen cyanide,0.31,POUNDS,0,,1302 & PSD-TX-1085,30.05703471,-93.7577447,census
251300,CLOSED,FINAL,2/14/2017,INV PERFORMANCE SURFACES LLC,INV NYLON CHEMICALS AMERICAS ORANGE SITE,ORANGE,EMISSIONS EVENT,1/26/2017 23:35,2/1/2017 11:52,BUILDING 3092 FUGITIVES,PA406,Hydrogen cyanide,0.01,POUNDS,0,,1302 & PSD-TX-1085,30.05703471,-93.7577447,census
251300,CLOSED,FINAL,2/14/2017,INV PERFORMANCE SURFACES LLC,INV NYLON CHEMICALS AMERICAS ORANGE SITE,ORANGE,EMISSIONS EVENT,1/26/2017 23:35,2/1/2017 11:52,LAB FLARE 2,FL-21,Hydrogen cyanide,0.1,POUNDS,0,,1302 & PSD-TX-1085,30.05703471,-93.7577447,census
251300,CLOSED,FINAL,2/14/2017,INV PERFORMANCE SURFACES LLC,INV NYLON CHEMICALS AMERICAS ORANGE SITE,ORANGE,EMISSIONS EVENT,1/26/2017 23:35,2/1/2017 11:52,LOADING FLARE (3090 FLARE),FH63,Hydrogen cyanide,0.01,POUNDS,0,,1302 & PSD-TX-1085,30.05703471,-93.7577447,census
251300,CLOSED,FINAL,2/14/2017,INV PERFORMANCE SURFACES LLC,INV NYLON CHEMICALS AMERICAS ORANGE SITE,ORANGE,EMISSIONS EVENT,1/26/2017 23:35,2/1/2017 11:52,Start-Up Flare,PH2,Hydrogen cyanide,0.6,POUNDS,0,,1302 & PSD-TX-1085,30.05703471,-93.7577447,census
252210,CLOSED,FINAL,2/22/2017,INV PERFORMANCE SURFACES LLC,INV NYLON CHEMICALS AMERICAS ORANGE SITE,ORANGE,EMISSIONS EVENT,2/10/2017 9:41,2/10/2017 10:39,North ADN Boiler,PF41,Hydrogen cyanide,0.15,POUNDS,0,,1302 & PSD-TX-1085,30.05703471,-93.7577447,census
254297,CLOSED,FINAL,4/6/2017,INV PERFORMANCE SURFACES LLC,INV NYLON CHEMICALS AMERICAS VICTORIA SITE,VICTORIA,MAINTENANCE,3/21/2017 7:00,3/21/2017 8:39,Tank Depressure (MSS),04TANK-OPEN,Hydrogen cyanide,0.3,POUNDS,10,POUNDS,23271,28.68846258,-96.94182773,census
254685,CLOSED,FINAL,4/3/2017,INV PERFORMANCE SURFACES LLC,INV NYLON CHEMICALS AMERICAS ORANGE SITE,ORANGE,EMISSIONS EVENT,3/23/2017 14:56,3/23/2017 20:07,Ammonia Flare,PH70,Hydrogen cyanide,0.43,POUNDS,0,,1302 & PSD-TX-1085,30.05703471,-93.7577447,census
254685,CLOSED,FINAL,4/3/2017,INV PERFORMANCE SURFACES LLC,INV NYLON CHEMICALS AMERICAS ORANGE SITE,ORANGE,EMISSIONS EVENT,3/23/2017 14:56,3/23/2017 20:07,Start-Up Flare,PH2,Hydrogen cyanide,0.7,POUNDS,0,,1302 & PSD-TX-1085,30.05703471,-93.7577447,census
255100,CLOSED,FINAL,4/12/2017,EXXON MOBIL CORPORATION,EXXONMOBIL BAYTOWN REFINERY,HARRIS,EMISSIONS EVENT,3/29/2017 14:32,3/29/2017 23:20,FCCU3 Wet Gas Scrubber,FCCU3WGS,Hydrogen cyanide,1e-05,POUNDS,6117.32,LBS/HR,5.73 lbs of total 5.73 lbs authorized under Permit #18287/PSD-TX-730M4/PAL7.,29.756373,-94.991395,mapbox
256287,CLOSED,FINAL,4/28/2017,VALERO REFINING-TEXAS LP,VALERO REFINING TEXAS CITY REFINERY,GALVESTON,EMISSIONS EVENT,4/12/2017 9:45,4/14/2017 18:10,FCCU Regenerator Vent,EG-001,Hydrogen cyanide,126.7,POUNDS,94.11,LBS/HR,Permit Number: 39142,29.36751,-94.9088,mapbox
258318,CLOSED,FINAL,6/13/2017,INV PERFORMANCE SURFACES LLC,INV NYLON CHEMICALS AMERICAS VICTORIA SITE,VICTORIA,MAINTENANCE,5/30/2017 14:00,5/30/2017 15:00,Low Boiler Waste Tank,10PRC,Hydrogen cyanide,0.01,POUNDS,10,POUNDS,NSR Permit 7186,28.68846258,-96.94182773,census
259471,CLOSED,FINAL,6/16/2017,INV PERFORMANCE SURFACES LLC,INV NYLON CHEMICALS AMERICAS ORANGE SITE,ORANGE,EMISSIONS EVENT,6/3/2017 17:12,6/4/2017 0:47,Ammonia Flare,PH70,Hydrogen cyanide,0.79,POUNDS,0,,1302 & PSD-TX-1085,30.05703471,-93.7577447,census
259471,CLOSED,FINAL,6/16/2017,INV PERFORMANCE SURFACES LLC,INV NYLON CHEMICALS AMERICAS ORANGE SITE,ORANGE,EMISSIONS EVENT,6/3/2017 17:12,6/4/2017 0:47,Start-Up Flare,PH2,Hydrogen cyanide,0.28,POUNDS,0,,1302 & PSD-TX-1085,30.05703471,-93.7577447,census
260389,CLOSED,FINAL,6/29/2017,ASCEND PERFORMANCE MATERIALS TEXAS LLC,ASCEND PERFORMANCE MATERIALS CHOCOLATE BAYOU PLANT,BRAZORIA,EMISSIONS EVENT,6/14/2017 20:32,6/14/2017 21:36,Absorber Column 31D2,,Hydrogen cyanide,34.1,POUNDS,0,,No specific emissions authorization,29.18161,-95.4993375,county_centroid
260617,CLOSED,FINAL,7/1/2017,INV PERFORMANCE SURFACES LLC,INV NYLON CHEMICALS AMERICAS ORANGE SITE,ORANGE,EMISSIONS EVENT,6/19/2017 23:49,6/20/2017 2:53,Ammonia Flare,PH70,Hydrogen cyanide,2.3,POUNDS,0,,1302 & PSD-TX-1085,30.05703471,-93.7577447,census
260617,CLOSED,FINAL,7/1/2017,INV PERFORMANCE SURFACES LLC,INV NYLON CHEMICALS AMERICAS ORANGE SITE,ORANGE,EMISSIONS EVENT,6/19/2017 23:49,6/20/2017 2:53,Start-Up Flare,PH2,Hydrogen cyanide,3.3,POUNDS,0,,1302 & PSD-TX-1085,30.05703471,-93.7577447,census
260618,CLOSED,FINAL,7/13/2017,INV PERFORMANCE SURFACES LLC,INV NYLON CHEMICALS AMERICAS VICTORIA SITE,VICTORIA,MAINTENANCE,6/21/2017 10:30,6/21/2017 11:30,OCT,11PRC,Hydrogen cyanide,0.02,POUNDS,10,POUNDS,'No specific emissions authorizations for this facility',28.68846258,-96.94182773,census
266277,CLOSED,FINAL,10/15/2019,EXXON MOBIL REFINING AND SUPPLY COMPANY,EXXONMOBIL BAYTOWN REFINERY,HARRIS,EMISSIONS EVENT,8/27/2017 4:00,10/4/2017 17:00,FCCU2 Wet Gas Scrubber,FCCU2WGS,Hydrogen cyanide,3953.4,POUNDS,6117.32,LBS/HR,Portions may be authorized under Permit #18287/PSD-TX-730M4/PAL7.,29.756373,-94.991395,mapbox
266277,CLOSED,FINAL,10/15/2019,EXXON MOBIL REFINING AND SUPPLY COMPANY,EXXONMOBIL BAYTOWN REFINERY,HARRIS,EMISSIONS EVENT,8/27/2017 4:00,10/4/2017 17:00,FCCU3 Wet Gas Scrubber,FCCU3WGS,Hydrogen cyanide,195.89,POUNDS,6117.32,LBS/HR,Portions may be authorized under Permit #18287/PSD-TX-730M4/PAL7.,29.756373,-94.991395,mapbox
266565,CLOSED,FINAL,9/29/2017,INV PERFORMANCE SURFACES LLC,INV NYLON CHEMICALS AMERICAS ORANGE SITE,ORANGE,EMISSIONS EVENT,8/30/2017 4:22,9/17/2017 5:50,ADN Operating Flare,PH3,Hydrogen cyanide,0.84,POUNDS,0,,1302 & PSD-TX-1085,30.05703471,-93.7577447,census
266565,CLOSED,FINAL,9/29/2017,INV PERFORMANCE SURFACES LLC,INV NYLON CHEMICALS AMERICAS ORANGE SITE,ORANGE,EMISSIONS EVENT,8/30/2017 4:22,9/17/2017 5:50,Ammonia Flare,PH70,Hydrogen cyanide,2.55,POUNDS,0,,1302 & PSD-TX-1085,30.05703471,-93.7577447,census
266565,CLOSED,FINAL,9/29/2017,INV PERFORMANCE SURFACES LLC,INV NYLON CHEMICALS AMERICAS ORANGE SITE,ORANGE,EMISSIONS EVENT,8/30/2017 4:22,9/17/2017 5:50,Start-Up Flare,PH2,Hydrogen cyanide,1.78,POUNDS,0,,1302 & PSD-TX-1085,30.05703471,-93.7577447,census
267398,CLOSED,FINAL,9/18/2017,ASCEND PERFORMANCE MATERIALS TEXAS LLC,ASCEND PERFORMANCE MATERIALS CHOCOLATE BAYOU PLANT,BRAZORIA,EMISSIONS EVENT,9/9/2017 11:17,9/9/2017 11:26,Absorber Column 31D2,,Hydrogen cyanide,1.3,POUNDS,0,,No specific emissions authorization,29.18161,-95.4993375,county_centroid
268348,CLOSED,FINAL,10/6/2017,INV PERFORMANCE SURFACES LLC,INV NYLON CHEMICALS AMERICAS ORANGE SITE,ORANGE,EMISSIONS EVENT,9/22/2017 2:07,9/22/2017 11:12,Ammonia Flare,PH70,Hydrogen cyanide,0.9,POUNDS,0,,1302 & PSD-TX-1085,30.05703471,-93.7577447,census
268348,CLOSED,FINAL,10/6/2017,INV PERFORMANCE SURFACES LLC,INV NYLON CHEMICALS AMERICAS ORANGE SITE,ORANGE,EMISSIONS EVENT,9/22/2017 2:07,9/22/2017 11:12,Start-Up Flare,PH2,Hydrogen cyanide,4.54,POUNDS,0,,1302 & PSD-TX-1085,30.05703471,-93.7577447,census
268369,CLOSED,FINAL,10/9/2017,ALON USA LP,ALON USA BIG SPRING REFINERY,HOWARD,EMISSIONS EVENT,9/22/2017 21:19,9/23/2017 18:45,FCCU ESP ByPass Stack,06ESPPCVBP,Hydrogen cyanide,114.46,POUNDS,0,,No specific emissions authorization for this TCEQ established FIN. this notification is pursuant to 30TAC101.201 & 40CFR355.40,32.26997466,-101.4218318,census
268453,CLOSED,FINAL,10/13/2017,ALON USA LP,ALON USA BIG SPRING REFINERY,HOWARD,MAINTENANCE,9/27/2017 15:12,9/28/2017 20:55,FCCU ESP Bypass Stack,06ESPPCVBP,Hydrogen cyanide,79.84,POUNDS,0,,NSR 49154,32.26997466,-101.4218318,census
270674,CLOSED,FINAL,11/2/2017,INEOS NITRILES USA LLC,INEOS GREEN LAKE PLANT,CALHOUN,EMISSIONS EVENT,10/20/2017 0:00,10/20/2017 9:30,Crude/Off Spec. AN Tank B,S-9A,Hydrogen cyanide,84.18,POUNDS,10,POUNDS,CERCLA RQ,28.570485,-96.829375,mapbox
271626,CLOSED,FINAL,11/14/2017,ASCEND PERFORMANCE MATERIALS TEXAS LLC,ASCEND PERFORMANCE MATERIALS CHOCOLATE BAYOU PLANT,BRAZORIA,EMISSIONS EVENT,10/31/2017 14:06,10/31/2017 15:31,Absorber Column 30D2,,Hydrogen cyanide,24.8,POUNDS,0,,'No specific emissions authorizations for this facility',29.18161,-95.4993375,county_centroid
271626,CLOSED,FINAL,11/14/2017,ASCEND PERFORMANCE MATERIALS TEXAS LLC,ASCEND PERFORMANCE MATERIALS CHOCOLATE BAYOU PLANT,BRAZORIA,EMISSIONS EVENT,10/31/2017 14:06,10/31/2017 15:31,Absorber Column 31D2,,Hydrogen cyanide,47.3,POUNDS,0,,'No specific emissions authorizations for this facility,29.18161,-95.4993375,county_centroid
275608,CLOSED,FINAL,1/16/2018,INV PERFORMANCE SURFACES LLC,INV NYLON CHEMICALS AMERICAS ORANGE SITE,ORANGE,EMISSIONS EVENT,1/3/2018 5:06,1/3/2018 14:02,Ammonia Flare,PH70,Hydrogen cyanide,0.66,POUNDS,4.68,LBS/HR,1302 & PSD-TX-1085,30.05703471,-93.7577447,census
276552,CLOSED,FINAL,1/26/2018,ROHM AND HAAS TEXAS INCORPORATED,ROHM AND HAAS TEXAS DEER PARK PLANT,HARRIS,EMISSIONS EVENT,1/16/2018 14:07,1/16/2018 15:06,N5 Flare,N 17,Hydrogen cyanide,19.95,POUNDS,23.98,LBS/HR,NSR 723 / Title V 02233,29.732399,-95.104035,mapbox
276554,CLOSED,FINAL,2/7/2018,EXXON MOBIL CORPORATION,EXXONMOBIL BAYTOWN REFINERY,HARRIS,EMISSIONS EVENT,1/16/2018 14:22,1/21/2018 6:00,Fluid Catalytic Cracking Unit 3 Wet Gas Scrubber,FCCU3WGS,Hydrogen cyanide,21.6,POUNDS,6117.32,LBS/HR,10.6 lbs of the total 10.6 are authorized under Permit #18287/PSD-TX-730M4/PAL7.,29.756373,-94.991395,mapbox
279273,CLOSED,FINAL,3/9/2018,ASCEND PERFORMANCE MATERIALS TEXAS LLC,ASCEND PERFORMANCE MATERIALS CHOCOLATE BAYOU PLANT,BRAZORIA,EMISSIONS EVENT,2/24/2018 15:11,2/24/2018 16:25,Acrylonitrile Unit 3 Absorber Column,,Hydrogen cyanide,31.18,POUNDS,0,,18251,29.18161,-95.4993375,county_centroid
282586,CLOSED,FINAL,5/4/2018,VALERO REFINING-TEXAS LP,VALERO REFINING TEXAS CITY REFINERY,GALVESTON,EMISSIONS EVENT,4/19/2018 16:50,4/23/2018 5:08,FCCU Regenerator Vent,EG-001,Hydrogen cyanide,0.04,POUNDS,67.7,LBS/HR,Permit Number: 39142,29.36751,-94.9088,mapbox
285861,CLOSED,FINAL,6/21/2018,INV PERFORMANCE SURFACES LLC,INV NYLON CHEMICALS AMERICAS ORANGE SITE,ORANGE,EMISSIONS EVENT,6/7/2018 5:05,6/7/2018 5:40,BUILDING 3030 FUGITIVES,FH401,Hydrogen cyanide,7.1,POUNDS,0,,1302 & PSD-TX-1085,30.05703471,-93.7577447,census
287126,CLOSED,FINAL,7/6/2018,INV PERFORMANCE SURFACES LLC,INV NYLON CHEMICALS AMERICAS ORANGE SITE,ORANGE,EMISSIONS EVENT,6/24/2018 3:30,6/24/2018 5:05,ADN Operating Flare,PH3,Hydrogen cyanide,1.15,POUNDS,0,,1302 & PSD-TX-1085,30.05703471,-93.7577447,census
293945,CLOSED,FINAL,10/22/2018,INV PERFORMANCE SURFACES LLC,INV NYLON CHEMICALS AMERICAS VICTORIA SITE,VICTORIA,EMISSIONS EVENT,10/9/2018 22:00,10/10/2018 0:00,CAT PURGE TANK,10TFX008,Hydrogen cyanide,0.01,POUNDS,0,,NSR Permit 7186,28.68846258,-96.94182773,census
293945,CLOSED,FINAL,10/22/2018,INV PERFORMANCE SURFACES LLC,INV NYLON CHEMICALS AMERICAS VICTORIA SITE,VICTORIA,EMISSIONS EVENT,10/9/2018 22:00,10/10/2018 0:00,HCN Vent Scrubber,10VNT255,Hydrogen cyanide,339,POUNDS,0,,NSR Permit 7186,28.68846258,-96.94182773,census
293945,CLOSED,FINAL,10/22/2018,INV PERFORMANCE SURFACES LLC,INV NYLON CHEMICALS AMERICAS VICTORIA SITE,VICTORIA,EMISSIONS EVENT,10/9/2018 22:00,10/10/2018 0:00,LO BOIL FEED TK,10TFX006D,Hydrogen cyanide,0.01,POUNDS,0,,NSR Permit 7186,28.68846258,-96.94182773,census
299069,CLOSED,FINAL,12/24/2018,INV PERFORMANCE SURFACES LLC,INV NYLON CHEMICALS AMERICAS VICTORIA SITE,VICTORIA,EMISSIONS EVENT,12/11/2018 19:30,12/12/2018 10:00,Atmosphere,Atmosphere,Hydrogen cyanide,0.11,POUNDS,0,,none,28.68846258,-96.94182773,census
299857,CLOSED,FINAL,1/21/2019,EXXONMOBIL OIL CORPORATION,EXXONMOBIL BEAUMONT REFINERY,JEFFERSON,EMISSIONS EVENT,1/5/2019 19:25,1/7/2019 15:30,FCCU Scrubber Stack,06STK_003,Hydrogen cyanide,2.01,POUNDS,18.19,LBS/HR,NSR Permit 49138,30.065081,-94.073392,mapbox
301003,CLOSED,FINAL,2/1/2019,EXXON MOBIL CORPORATION,EXXONMOBIL BAYTOWN REFINERY,HARRIS,EMISSIONS EVENT,1/20/2019 13:00,1/21/2019 1:59,FCCU-3 Wet Gas Scrubber,FCCU3WGS,Hydrogen cyanide,2.22,POUNDS,6117.32,LBS/HR,2.22 lbs of the total 2.22 lbs are authorized under Permit #18287/PSD-TX-730M4/PAL7.,29.756373,-94.991395,mapbox
301805,CLOSED,FINAL,2/11/2019,INV PERFORMANCE SURFACES LLC,INV NYLON CHEMICALS AMERICAS VICTORIA SITE,VICTORIA,EMISSIONS EVENT,1/28/2019 23:57,1/29/2019 1:53,Ammonia Startup Flare,10FLR-104,Hydrogen cyanide,0.2,POUNDS,0,,No specific emissions authorizations for this facility,28.68846258,-96.94182773,census
308158,CLOSED,FINAL,5/23/2019,ROHM AND HAAS TEXAS INCORPORATED,ROHM AND HAAS TEXAS DEER PARK PLANT,HARRIS,EMISSIONS EVENT,5/9/2019 22:40,5/10/2019 5:05,N 3/4 Safety Vent Stack,N-8,Hydrogen cyanide,59,POUNDS,0.58,LBS/HR,NSR 723,29.732399,-95.104035,mapbox
310598,CLOSED,FINAL,6/20/2019,CYANCO INTERNATIONAL LLC,SODIUM CYANIDE MANUFACTURING PLANT,BRAZORIA,EMISSIONS EVENT,6/8/2019 16:15,6/9/2019 10:15,Leak fugitive (Railcar Valve),7,Ammonia,630,POUNDS,0,,136184,29.424772,-95.224432,city_centroid
311126,CLOSED,FINAL,6/24/2019,EXXONMOBIL OIL CORPORATION,EXXONMOBIL BEAUMONT REFINERY,JEFFERSON,EMISSIONS EVENT,6/11/2019 7:14,6/11/2019 16:05,FCCU Scrubber Stack,06STK_003,Hydrogen cyanide,30.17,POUNDS,18.19,LBS/HR,NSR Permit 49138,30.065081,-94.073392,mapbox
312695,CLOSED,FINAL,7/8/2019,EXXONMOBIL OIL CORPORATION,EXXONMOBIL BEAUMONT REFINERY,JEFFERSON,EMISSIONS EVENT,6/24/2019 14:41,6/25/2019 13:45,FCCU Scrubber Stack,06STK_003,Hydrogen cyanide,21.74,POUNDS,18.19,LBS/HR,Permit 49138,30.065081,-94.073392,mapbox
313413,CLOSED,FINAL,7/12/2019,ASCEND PERFORMANCE MATERIALS TEXAS LLC,ASCEND PERFORMANCE MATERIALS CHOCOLATE BAYOU PLANT,BRAZORIA,EMISSIONS EVENT,6/28/2019 21:30,6/28/2019 21:33,AOG Vent Stack Piping,,Hydrogen cyanide,37.4,POUNDS,0,,18251,29.18161,-95.4993375,county_centroid
314256,CLOSED,FINAL,7/15/2019,MHBA CB LLLP,MHBA CHOCOLATE BAYOU PLANT,BRAZORIA,EMISSIONS EVENT,7/4/2019 3:50,7/4/2019 5:30,44S3 rupture disc,44S3,Hydrogen cyanide,6.6,POUNDS,0,,8372,29.044715,-95.564665,city_centroid
314316,CLOSED,FINAL,7/17/2019,ASCEND PERFORMANCE MATERIALS TEXAS LLC,ASCEND PERFORMANCE MATERIALS CHOCOLATE BAYOU PLANT,BRAZORIA,EMISSIONS EVENT,7/4/2019 1:44,7/4/2019 7:04,Acrylonitrile Unit 2 Waste Heat Boiler,30H5,Hydrogen cyanide,411.5,POUNDS,0,,18251,29.18161,-95.4993375,county_centroid
314316,CLOSED,FINAL,7/17/2019,ASCEND PERFORMANCE MATERIALS TEXAS LLC,ASCEND PERFORMANCE MATERIALS CHOCOLATE BAYOU PLANT,BRAZORIA,EMISSIONS EVENT,7/4/2019 1:44,7/4/2019 7:04,Acrylonitrile Unit 3 Waste Heat Boiler,31H4,Hydrogen cyanide,8.6,POUNDS,0,,18251,29.18161,-95.4993375,county_centroid
314316,CLOSED,FINAL,7/17/2019,ASCEND PERFORMANCE MATERIALS TEXAS LLC,ASCEND PERFORMANCE MATERIALS CHOCOLATE BAYOU PLANT,BRAZORIA,EMISSIONS EVENT,7/4/2019 1:44,7/4/2019 7:04,AN 7 Waste Heat Boiler,70Z401,Hydrogen cyanide,0.9,POUNDS,0,,38336,29.18161,-95.4993375,county_centroid
316454,CLOSED,FINAL,8/1/2019,EXXONMOBIL OIL CORPORATION,EXXONMOBIL BEAUMONT REFINERY,JEFFERSON,EMISSIONS EVENT,7/18/2019 23:00,7/19/2019 1:04,FCCU Scrubber Stack,06STK_003,Hydrogen cyanide,6.84,POUNDS,18.19,LBS/HR,NSR Permit 49138,30.065081,-94.073392,mapbox
319583,CLOSED,FINAL,9/9/2019,EXXONMOBIL OIL CORPORATION,EXXONMOBIL BEAUMONT REFINERY,JEFFERSON,EMISSIONS EVENT,8/25/2019 13:30,8/26/2019 19:30,FCCU Scrubber Stack,06STK_003,Hydrogen cyanide,0.12,POUNDS,18.19,LBS/HR,Permit 49138,30.065081,-94.073392,mapbox
320675,CLOSED,FINAL,9/24/2019,INV PERFORMANCE SURFACES LLC,INV NYLON CHEMICALS AMERICAS ORANGE SITE,ORANGE,EMISSIONS EVENT,8/27/2019 4:00,9/10/2019 21:06,Start-Up Flare,PH2,Hydrogen cyanide,754,POUNDS,165.17,LBS/HR,NSR 1302 (MSS),30.05703471,-93.7577447,census
320355,CLOSED,FINAL,9/19/2019,EXXONMOBIL OIL CORPORATION,EXXONMOBIL BEAUMONT REFINERY,JEFFERSON,EMISSIONS EVENT,9/5/2019 17:59,9/5/2019 22:00,FCCU Scrubber Stack,06STK_003,Hydrogen cyanide,0.15,POUNDS,18.19,LBS/HR,NSR Permit 49138,30.065081,-94.073392,mapbox
320931,CLOSED,FINAL,9/27/2019,CYANCO INTERNATIONAL LLC,SODIUM CYANIDE MANUFACTURING PLANT,BRAZORIA,EMISSIONS EVENT,9/15/2019 16:00,9/16/2019 3:00,Leak fugitive (Railcar Valve),7,Ammonia,32.2,POUNDS,100,POUNDS,136184,29.424772,-95.224432,city_centroid
321402,CLOSED,FINAL,9/24/2019,INV PERFORMANCE SURFACES LLC,INV NYLON CHEMICALS AMERICAS VICTORIA SITE,VICTORIA,MAINTENANCE,9/23/2019 11:30,9/23/2019 12:30,MSS Emissions in the ADN Area,10MSS-001,Hydrogen cyanide,0.0008,POUNDS,164.93,LBS/HR,NSR Permit 7146,28.68846258,-96.94182773,census
321833,CLOSED,FINAL,10/10/2019,ASCEND PERFORMANCE MATERIALS TEXAS LLC,ASCEND PERFORMANCE MATERIALS CHOCOLATE BAYOU PLANT,BRAZORIA,EMISSIONS EVENT,9/28/2019 0:00,9/28/2019 0:09,Quench Tank,,Hydrogen cyanide,117,POUNDS,0,,18251,29.18161,-95.4993375,county_centroid
323814,CLOSED,FINAL,11/12/2019,INV PERFORMANCE SURFACES LLC,INV NYLON CHEMICALS AMERICAS ORANGE SITE,ORANGE,EMISSIONS EVENT,10/29/2019 16:30,10/29/2019 23:17,Building 3030/3032 Fugitives,PH401,Hydrogen cyanide,7.11,POUNDS,3.6,LBS/HR,NSR Permit 1302,30.05703471,-93.7577447,census
323814,CLOSED,FINAL,11/12/2019,INV PERFORMANCE SURFACES LLC,INV NYLON CHEMICALS AMERICAS ORANGE SITE,ORANGE,EMISSIONS EVENT,10/29/2019 16:30,10/29/2019 23:17,Start-Up Flare,PH2,Hydrogen cyanide,1.56,POUNDS,165.17,LBS/HR,NSR Permit 1302 (MSS only),30.05703471,-93.7577447,census
325563,CLOSED,FINAL,12/5/2019,INV PERFORMANCE SURFACES LLC,INV NYLON CHEMICALS AMERICAS VICTORIA SITE,VICTORIA,EMISSIONS EVENT,11/22/2019 5:42,11/30/2019 13:42,ADN Fugitives,10FUG,Hydrogen cyanide,0.1,POUNDS,0,,No specific emissions authorizations for this facility during an upset.,28.68846258,-96.94182773,census
327288,CLOSED,FINAL,1/16/2020,GEO SPECIALTY CHEMICALS INC,GEO SPECIALTY CHEMICALS,HARRIS,MAINTENANCE,1/6/2020 7:00,1/6/2020 7:01,HCN Tank Farm Scrubber,237,Hydrogen cyanide,1e-05,POUNDS,0.0009,LBS/HR,8052,29.71648,-95.09278,mapbox
328276,CLOSED,FINAL,1/28/2020,INV PERFORMANCE SURFACES LLC,INV NYLON CHEMICALS AMERICAS ORANGE SITE,ORANGE,EMISSIONS EVENT,1/14/2020 14:55,1/14/2020 16:55,North ADN Boiler,PF41,Hydrogen cyanide,48,POUNDS,0,,N/A,30.05703471,-93.7577447,census
328480,CLOSED,FINAL,1/28/2020,LUCITE INTERNATIONAL INC,MCA BEAUMONT SITE,JEFFERSON,EMISSIONS EVENT,1/15/2020 20:30,1/16/2020 20:15,HCN Fugitive Emissions,ACR-PROCFUG,Hydrogen cyanide,33.687,POUNDS,0.09,POUNDS,NSR Permit 1743,30.01071425,-94.03442144,census
332011,CLOSED,FINAL,4/15/2020,ALON USA GP INC,ALON USA BIG SPRING REFINERY,HOWARD,MAINTENANCE,3/17/2020 16:00,4/1/2020 16:00,ESP  Bypass Stack,06ESPPCVBP,Hydrogen cyanide,125.61,POUNDS,10,POUNDS,None,32.26997466,-101.4218318,census
333760,CLOSED,FINAL,4/28/2020,INV PERFORMANCE SURFACES LLC,INV NYLON CHEMICALS AMERICAS VICTORIA SITE,VICTORIA,MAINTENANCE,4/16/2020 7:00,4/16/2020 8:00,311 South Organic Tank,11TFX-067,Hydrogen cyanide,0.02,POUNDS,0.02,LBS/HR,23271,28.68846258,-96.94182773,census
335368,CLOSED,FINAL,5/22/2020,EXXONMOBIL OIL CORPORATION,EXXONMOBIL BEAUMONT REFINERY,JEFFERSON,EMISSIONS EVENT,5/11/2020 14:19,5/12/2020 12:05,FCCU Scrubber Stack,06STK_003,Hydrogen cyanide,1.02,POUNDS,18.19,LBS/HR,Permit 49138,30.065081,-94.073392,mapbox
335357,CLOSED,FINAL,5/27/2020,INV PERFORMANCE SURFACES LLC,INV NYLON CHEMICALS AMERICAS VICTORIA SITE,VICTORIA,MAINTENANCE,5/12/2020 13:00,5/12/2020 14:00,North 2M3 Storage Tank,10TFL006B,Hydrogen cyanide,0.004,POUNDS,10,POUNDS,7186,28.68846258,-96.94182773,census
338025,CLOSED,FINAL,7/13/2020,INV PERFORMANCE SURFACES LLC,INV NYLON CHEMICALS AMERICAS ORANGE SITE,ORANGE,EMISSIONS EVENT,6/29/2020 20:49,6/29/2020 21:17,Building 3030/3032 Fugitives,PH401,Hydrogen cyanide,7.11,POUNDS,3.19,LBS/HR,NSR Permit 1302,30.05703471,-93.7577447,census
337832,CLOSED,FINAL,6/30/2020,INV PERFORMANCE SURFACES LLC,INV NYLON CHEMICALS AMERICAS VICTORIA SITE,VICTORIA,MAINTENANCE,6/30/2020 8:00,6/30/2020 9:00,Organic Collection Tank,11TFX-082,Hydrogen cyanide,0.001,POUNDS,0.001,POUNDS,23271,28.68846258,-96.94182773,census
339210,CLOSED,FINAL,7/30/2020,INV PERFORMANCE SURFACES LLC,INV NYLON CHEMICALS AMERICAS VICTORIA SITE,VICTORIA,EMISSIONS EVENT,7/16/2020 14:15,7/16/2020 17:30,HCN Vent Scrubber,10VNT-255,Hydrogen cyanide,87.05,POUNDS,0,,No specific emissions authorization for this facility,28.68846258,-96.94182773,census
341221,CLOSED,FINAL,9/14/2020,TOTALENERGIES PETROCHEMICALS & REFINING USA INC,PORT ARTHUR REFINERY,JEFFERSON,AIR SHUTDOWN,8/25/2020 8:00,8/26/2020 9:34,FCCU Regenerator,55RGNFLUGS,Hydrogen cyanide,43,POUNDS,68.36,LBS/HR,NSR Permit 46396,29.961969,-93.892779,mapbox
341187,CLOSED,FINAL,9/29/2020,INV PERFORMANCE SURFACES LLC,INV NYLON CHEMICALS AMERICAS ORANGE SITE,ORANGE,EMISSIONS EVENT,8/26/2020 8:00,9/16/2020 8:55,Building 3092 Fugitives,PA406,Hydrogen cyanide,1.7,POUNDS,0.12,LBS/HR,NSR 1302,30.05703471,-93.7577447,census
341449,CLOSED,FINAL,10/14/2020,TOTALENERGIES PETROCHEMICALS & REFINING USA INC,PORT ARTHUR REFINERY,JEFFERSON,AIR STARTUP,9/10/2020 22:00,10/6/2020 10:00,FCCU Regenerator,55RGNFLUGS,Hydrogen cyanide,192.8,POUNDS,68.36,LBS/HR,NSR Permit 46396,29.961969,-93.892779,mapbox
343688,CLOSED,FINAL,10/23/2020,TOTALENERGIES PETROCHEMICALS & REFINING USA INC,PORT ARTHUR REFINERY,JEFFERSON,EMISSIONS EVENT,10/9/2020 10:25,10/12/2020 5:00,Regenerator Flue Gas,55RGNFLUGS,Hydrogen cyanide,43.09,POUNDS,68.36,LBS/HR,NSR Permit 46396,29.961969,-93.892779,mapbox
344454,CLOSED,FINAL,11/3/2020,TOTALENERGIES PETROCHEMICALS & REFINING USA INC,PORT ARTHUR REFINERY,JEFFERSON,EMISSIONS EVENT,10/20/2020 8:23,10/21/2020 16:00,FCCU Regenerator,55RGNFLUGS,Hydrogen cyanide,69.67,POUNDS,68.36,LBS/HR,NSR Permit 46396,29.961969,-93.892779,mapbox
345120,CLOSED,FINAL,11/11/2020,DIAMOND SHAMROCK REFINING COMPANY LP,VALERO MCKEE REFINERY,MOORE,EMISSIONS EVENT,10/28/2020 22:23,11/1/2020 13:20,Regen Stack,V-20,Hydrogen cyanide,467.15,POUNDS,25.2,LBS/HR,Permit # 9708 / PSD-TX-861M3,35.95181001,-101.8738038,census
346349,CLOSED,FINAL,12/2/2020,ALON USA GP INC,ALON USA BIG SPRING REFINERY,HOWARD,MAINTENANCE,11/18/2020 19:20,11/21/2020 20:05,ESP  Bypass Stack,06ESPPCVBP,Hydrogen cyanide,25.96,POUNDS,10,POUNDS,none,32.26997466,-101.4218318,census
346421,CLOSED,FINAL,12/2/2020,TOKAI CARBON CB LTD,BORGER CARBON BLACK PLANT,HUTCHINSON,EMISSIONS EVENT,11/21/2020 11:49,11/21/2020 12:37,Unit 4 Water Leg,U4 Water Leg,Hydrogen cyanide,9.35,POUNDS,0,,PSD Permit,35.665472,-101.435708,mapbox
347485,CLOSED,FINAL,12/24/2020,ODFJELL TERMINALS HOUSTON INC,ODFJELL TERMINALS,HARRIS,EMISSIONS EVENT,12/11/2020 17:30,12/11/2020 20:30,Power Pack Area,N/A,Hydrogen cyanide,1,POUNDS,0,,None,29.60405347,-95.02051713,census
349149,CLOSED,FINAL,1/27/2021,TOKAI CARBON CB LTD,BORGER CARBON BLACK PLANT,HUTCHINSON,EMISSIONS EVENT,1/16/2021 7:14,1/16/2021 7:35,#2 Primary Bag Filter,,Hydrogen cyanide,3.86,POUNDS,0,,PSD Permit,35.665472,-101.435708,mapbox
349812,CLOSED,FINAL,2/16/2021,ENTERPRISE PRODUCTS OPERATING LLC,ENTERPRISE MONT BELVIEU COMPLEX,CHAMBERS,EMISSIONS EVENT,2/1/2021 1:15,2/1/2021 8:04,MB COMPLEX MAINTENANCE,MAINT,Cyanide,10.5,POUNDS,10,POUNDS,No specific emissions authorization for this facility,29.85831,-94.9075,mapbox
350630,CLOSED,FINAL,4/15/2021,VALERO REFINING-TEXAS LP,VALERO REFINING TEXAS CITY REFINERY,GALVESTON,EMISSIONS EVENT,2/15/2021 0:10,2/25/2021 23:33,FCCU Regenerator Vent,EG-001,Hydrogen cyanide,0.1,POUNDS,67.7,LBS/HR,Permit Number: 39142,29.36751,-94.9088,mapbox
350663,CLOSED,FINAL,3/19/2021,ASCEND PERFORMANCE MATERIALS TEXAS LLC,ASCEND PERFORMANCE MATERIALS CHOCOLATE BAYOU PLANT,BRAZORIA,EMISSIONS EVENT,2/15/2021 1:56,3/6/2021 8:51,AN2 Absorber Column,30D2,Hydrogen cyanide,471.4,POUNDS,0,,N/A,29.18161,-95.4993375,county_centroid
350663,CLOSED,FINAL,3/19/2021,ASCEND PERFORMANCE MATERIALS TEXAS LLC,ASCEND PERFORMANCE MATERIALS CHOCOLATE BAYOU PLANT,BRAZORIA,EMISSIONS EVENT,2/15/2021 1:56,3/6/2021 8:51,AN3 Absorber Column,31D2,Hydrogen cyanide,160.72,POUNDS,0,,N/A,29.18161,-95.4993375,county_centroid
350663,CLOSED,FINAL,3/19/2021,ASCEND PERFORMANCE MATERIALS TEXAS LLC,ASCEND PERFORMANCE MATERIALS CHOCOLATE BAYOU PLANT,BRAZORIA,EMISSIONS EVENT,2/15/2021 1:56,3/6/2021 8:51,AN7 Absorber Column,"70D202-1, 2",Hydrogen cyanide,713.7,POUNDS,0,,N/A,29.18161,-95.4993375,county_centroid
350682,CLOSED,FINAL,4/7/2021,EXXON MOBIL CORPORATION,EXXONMOBIL BAYTOWN REFINERY,HARRIS,EMISSIONS EVENT,2/15/2021 2:41,3/6/2021 2:16,FCCU2 Wet Gas Scrubber,FCCU2WGS,Hydrogen cyanide,488.38,POUNDS,6117.32,LBS/HR,473.79 lbs of the total 488.38 lbs are authorized under Permit #18287/PSD-TX-730M4/PAL7.,29.756373,-94.991395,mapbox
350682,CLOSED,FINAL,4/7/2021,EXXON MOBIL CORPORATION,EXXONMOBIL BAYTOWN REFINERY,HARRIS,EMISSIONS EVENT,2/15/2021 2:41,3/6/2021 2:16,Flare Stack 19,FL19,Hydrogen cyanide,0.001,POUNDS,6117.32,LBS/HR,Portions may be authorized under Permit#18287/PSD-TX-730M4/PAL7.,29.756373,-94.991395,mapbox
350682,CLOSED,FINAL,4/7/2021,EXXON MOBIL CORPORATION,EXXONMOBIL BAYTOWN REFINERY,HARRIS,EMISSIONS EVENT,2/15/2021 2:41,3/6/2021 2:16,Flare Stack 22,FL22,Hydrogen cyanide,0.0009,POUNDS,6117.32,LBS/HR,Portions may be authorized under Permit#18287/PSD-TX-730M4/PAL7.,29.756373,-94.991395,mapbox
351199,CLOSED,FINAL,5/4/2021,TOTALENERGIES PETROCHEMICALS & REFINING USA INC,PORT ARTHUR REFINERY,JEFFERSON,AIR STARTUP,2/23/2021 13:00,4/28/2021 14:00,FCCU Regenerator,55RGNFLUGS,Hydrogen cyanide,1426.86,POUNDS,68.36,LBS/HR,NSR Permit 46396,29.961969,-93.892779,mapbox
352601,CLOSED,FINAL,3/26/2021,TOKAI CARBON CB LTD,BORGER CARBON BLACK PLANT,HUTCHINSON,EMISSIONS EVENT,3/13/2021 8:50,3/13/2021 9:15,Unit 1 Flare,Unit 1 Flare,Hydrogen cyanide,7.86,POUNDS,1,LBS/HR,NSR Permit,35.665472,-101.435708,mapbox
353041,CLOSED,FINAL,4/1/2021,TOKAI CARBON CB LTD,BORGER CARBON BLACK PLANT,HUTCHINSON,EMISSIONS EVENT,3/22/2021 6:47,3/22/2021 7:04,line 1 Flare Stack,,Hydrogen cyanide,4.49,POUNDS,0,,PSD Permit,35.665472,-101.435708,mapbox
353041,CLOSED,FINAL,4/1/2021,TOKAI CARBON CB LTD,BORGER CARBON BLACK PLANT,HUTCHINSON,EMISSIONS EVENT,3/22/2021 6:47,3/22/2021 7:04,Unit 2 Water Leg,,Hydrogen cyanide,0.92,POUNDS,0,,PSD Permit,35.665472,-101.435708,mapbox
358007,CLOSED,FINAL,5/21/2021,EXXON MOBIL CORPORATION,EXXONMOBIL BAYTOWN REFINERY,HARRIS,EMISSIONS EVENT,5/11/2021 10:17,5/11/2021 12:59,FCCU-3 Wet Gas Scrubber,FCCU3WGS,Hydrogen cyanide,0.88,POUNDS,6117.32,LBS/HR,0.88 lbs of the total 0.88 lbs are authorized under Permit #18287/PSD-TX-730M4/PAL7.,29.756373,-94.991395,mapbox
358369,CLOSED,FINAL,5/27/2021,TOTALENERGIES PETROCHEMICALS & REFINING USA INC,PORT ARTHUR REFINERY,JEFFERSON,EMISSIONS EVENT,5/17/2021 7:28,5/20/2021 11:00,FCCU Regenerator,55RGNFLUGS,Hydrogen cyanide,389.8,POUNDS,68.36,LBS/HR,NSR Permit 46396,29.961969,-93.892779,mapbox
359962,CLOSED,FINAL,6/25/2021,ORION ENGINEERED CARBONS LLC,BORGER CARBON BLACK PLANT,HUTCHINSON,EMISSIONS EVENT,6/11/2021 8:10,6/11/2021 8:15,Furnace Fugitive,FURN_FUG,Hydrogen cyanide,0.4,POUNDS,41.8,POUNDS,Permit,35.659435,-101.40236,city_centroid
360094,CLOSED,FINAL,6/29/2021,INV NYLON CHEMICALS AMERICAS LLC,INV NYLON CHEMICALS AMERICAS VICTORIA SITE,VICTORIA,EMISSIONS EVENT,6/14/2021 8:36,6/15/2021 12:33,Pump Tank Scrubber,10VNT-255,Hydrogen cyanide,216,POUNDS,0.01,LBS/HR,NSR 7186 (and 37.5 lb/hr MSS limit),28.68846258,-96.94182773,census
364683,CLOSED,FINAL,8/25/2021,EXXON MOBIL CORPORATION,EXXONMOBIL BAYTOWN REFINERY,HARRIS,EMISSIONS EVENT,8/12/2021 11:04,8/12/2021 15:59,FCCU3 Wet Gas Scrubber,FCCU3WGS,Hydrogen cyanide,1.42,POUNDS,6117.32,LBS/HR,1.42 lbs of the total 1.42 lbs are authorized under Permit #18287/PSD-TX-730M4/PAL7.,29.756373,-94.991395,mapbox
365342,CLOSED,FINAL,9/3/2021,INV NYLON CHEMICALS AMERICAS LLC,INV NYLON CHEMICALS AMERICAS VICTORIA SITE,VICTORIA,MAINTENANCE,8/22/2021 8:00,8/22/2021 9:00,East Benzene Receiver Tank,11TFX049,Hydrogen cyanide,0.01,POUNDS,0.01,LBS/HR,NSR 23271,28.68846258,-96.94182773,census
365430,CLOSED,FINAL,9/3/2021,INV PERFORMANCE SURFACES LLC,INV NYLON CHEMICALS AMERICAS VICTORIA SITE,VICTORIA,EMISSIONS EVENT,8/23/2021 13:12,8/23/2021 13:24,ADN Area Upset Emissions,10UPSET,Hydrogen cyanide,12,POUNDS,0,,NSR 7186,28.68846258,-96.94182773,census
365455,CLOSED,FINAL,9/3/2021,ROHM AND HAAS TEXAS INCORPORATED,ROHM AND HAAS TEXAS DEER PARK PLANT,HARRIS,EMISSIONS EVENT,8/23/2021 10:38,8/23/2021 10:53,N-5/6 Flare,N-17,Hydrogen cyanide,8.8,POUNDS,0,,NSR 723,29.732399,-95.104035,mapbox
368294,CLOSED,FINAL,10/26/2021,MHBA CB LLLP,MHBA CHOCOLATE BAYOU PLANT,BRAZORIA,EMISSIONS EVENT,10/13/2021 1:00,10/13/2021 1:35,Sample cabinet piping,,Hydrogen cyanide,25,POUNDS,0,,No specific emissions authorizations for this facility,29.044715,-95.564665,city_centroid
371554,CLOSED,FINAL,12/30/2021,TOTALENERGIES PETROCHEMICALS & REFINING USA INC,PORT ARTHUR REFINERY,JEFFERSON,EMISSIONS EVENT,12/14/2021 9:04,12/19/2021 8:00,FCCU Regenerator,55RGNFLUGS,Hydrogen cyanide,506.68,POUNDS,68.36,LBS/HR,NSR 46396,29.961969,-93.892779,mapbox
371926,CLOSED,FINAL,1/3/2022,TOKAI CARBON CB LTD,BIG SPRING CARBON BLACK PLANT,HOWARD,EMISSIONS EVENT,12/22/2021 16:15,12/22/2021 16:35,Unit 1 Primary Bagfilter,Unit 1 PBF,Hydrogen cyanide,1.32,POUNDS,0,,NSR 6580 and PSDTX151M2,32.278741,-101.408676,mapbox
372508,CLOSED,FINAL,1/21/2022,EXXON MOBIL CORPORATION,EXXONMOBIL BAYTOWN REFINERY,HARRIS,EMISSIONS EVENT,1/7/2022 13:06,1/7/2022 18:00,FCCU3 Wet Gas Scrubber,FCCU3WGS,Hydrogen cyanide,1.79,POUNDS,6117.32,LBS/HR,1.79 lbs of the total 1.79 lbs are authorized under Permit #18287/PSD-TX-730M4/PAL7.,29.756373,-94.991395,mapbox
373137,CLOSED,FINAL,2/3/2022,TOKAI CARBON CB LTD,BIG SPRING CARBON BLACK PLANT,HOWARD,EMISSIONS EVENT,1/21/2022 13:17,1/21/2022 13:32,Primary Bag Filter U2,,Hydrogen cyanide,1.32,POUNDS,0,,NSR 6580 and PSDTX151M2,32.278741,-101.408676,mapbox
373925,CLOSED,FINAL,3/11/2022,VALERO REFINING-TEXAS LP,VALERO REFINING TEXAS CITY REFINERY,GALVESTON,EMISSIONS EVENT,2/4/2022 18:24,2/28/2022 10:00,FCCU Regenerator Vent,EG-001,Hydrogen cyanide,0.35,POUNDS,67.7,LBS/HR,NSR Permit No 39142,29.36751,-94.9088,mapbox
376667,CLOSED,FINAL,3/22/2022,MHBA CB LLLP,MHBA CHOCOLATE BAYOU PLANT,BRAZORIA,EMISSIONS EVENT,3/21/2022 21:00,3/21/2022 22:00,MHBA Unit Area Fugitives,MHBA-FUG,Hydrogen cyanide,4.122,POUNDS,0,,N/A,29.044715,-95.564665,city_centroid
377917,CLOSED,FINAL,4/27/2022,INV NYLON CHEMICALS AMERICAS LLC,INV NYLON CHEMICALS AMERICAS VICTORIA SITE,VICTORIA,EMISSIONS EVENT,4/13/2022 23:25,4/14/2022 8:55,ADN Fugitives,10FUG,Hydrogen cyanide,11.43,POUNDS,0,,N/A,28.68846258,-96.94182773,census
378447,CLOSED,FINAL,5/10/2022,INV NYLON CHEMICALS AMERICAS LLC,INV NYLON CHEMICALS AMERICAS VICTORIA SITE,VICTORIA,EMISSIONS EVENT,4/26/2022 21:00,4/26/2023 21:00,Organic Collection Tank,11TFX082,Hydrogen cyanide,624.8,POUNDS,0,,N/A,28.68846258,-96.94182773,census
381194,CLOSED,FINAL,6/22/2022,FREEPORT LNG DEVELOPMENT LP,FREEPORT LNG LIQUEFACTION PLANT,BRAZORIA,EMISSIONS EVENT,6/8/2022 11:30,6/8/2022 12:00,LNG Storage Tanks 2 and 3 Area,LNGT2&3,Hydrogen cyanide,2.7,POUNDS,0,,No specific emissions authorizations for this facility,29.18161,-95.4993375,county_centroid
382427,CLOSED,FINAL,7/26/2022,TOKAI CARBON CB LTD,BORGER CARBON BLACK PLANT,HUTCHINSON,EMISSIONS EVENT,7/2/2022 3:23,7/22/2022 22:23,Unit 1 Water Leg,,Hydrogen cyanide,0.31,POUNDS,0,,PSD Permit,35.665472,-101.435708,mapbox
382427,CLOSED,FINAL,7/26/2022,TOKAI CARBON CB LTD,BORGER CARBON BLACK PLANT,HUTCHINSON,EMISSIONS EVENT,7/2/2022 3:23,7/22/2022 22:23,Unit 4 Water Leg,,Hydrogen cyanide,3.4,POUNDS,0,,PSD Permit,35.665472,-101.435708,mapbox
383335,CLOSED,FINAL,7/25/2022,EXXONMOBIL OIL CORPORATION,EXXONMOBIL BEAUMONT REFINERY,JEFFERSON,EMISSIONS EVENT,7/13/2022 1:10,7/13/2022 19:30,FCCU Scrubber Stack,06STK_003,Hydrogen cyanide,63.99,POUNDS,18.19,LBS/HR,NSR Permit 49138,30.065081,-94.073392,mapbox
384349,CLOSED,FINAL,8/11/2022,EXXON MOBIL CORPORATION,EXXONMOBIL BAYTOWN REFINERY,HARRIS,EMISSIONS EVENT,7/28/2022 14:09,7/28/2022 14:59,FCCU2 Wet Gas Scrubber,FCCU2WGS,Hydrogen cyanide,15.56,POUNDS,6117.32,LBS/HR,12.54 lbs of the total 15.56 lbs are authorized under Permit #18287/PSD-TX-730M4/PAL7.,29.756373,-94.991395,mapbox
384396,CLOSED,FINAL,8/11/2022,TOKAI CARBON CB LTD,BORGER CARBON BLACK PLANT,HUTCHINSON,EMISSIONS EVENT,7/29/2022 16:50,7/29/2022 18:00,Unit 1 Water Leg,,Hydrogen cyanide,15.23,POUNDS,0,,PSD Permit,35.665472,-101.435708,mapbox
384396,CLOSED,FINAL,8/11/2022,TOKAI CARBON CB LTD,BORGER CARBON BLACK PLANT,HUTCHINSON,EMISSIONS EVENT,7/29/2022 16:50,7/29/2022 18:00,Unit 2 Water Leg,,Hydrogen cyanide,21.59,POUNDS,0,,PSD Permit,35.665472,-101.435708,mapbox
384396,CLOSED,FINAL,8/11/2022,TOKAI CARBON CB LTD,BORGER CARBON BLACK PLANT,HUTCHINSON,EMISSIONS EVENT,7/29/2022 16:50,7/29/2022 18:00,Unit 3 Water Leg,,Hydrogen cyanide,24.94,POUNDS,0,,PSD Permit,35.665472,-101.435708,mapbox
384396,CLOSED,FINAL,8/11/2022,TOKAI CARBON CB LTD,BORGER CARBON BLACK PLANT,HUTCHINSON,EMISSIONS EVENT,7/29/2022 16:50,7/29/2022 18:00,Unit 4 Water Leg,,Hydrogen cyanide,10.82,POUNDS,0,,PSD Permit,35.665472,-101.435708,mapbox
386968,CLOSED,FINAL,9/23/2022,INV NYLON CHEMICALS AMERICAS LLC,INV NYLON CHEMICALS AMERICAS ORANGE SITE,ORANGE,EMISSIONS EVENT,9/9/2022 17:15,9/10/2022 0:20,Start Up Flare,PH2,Hydrogen cyanide,79.72,POUNDS,165.17,POUNDS,NSR Permit 1302 (Start Up),30.05703471,-93.7577447,census
387832,CLOSED,FINAL,10/4/2022,VALERO REFINING-TEXAS LP,VALERO REFINING TEXAS CITY REFINERY,GALVESTON,EMISSIONS EVENT,9/20/2022 20:30,9/21/2022 22:22,FCCU Regenerator Vent,EG-001,Hydrogen cyanide,368.34,POUNDS,67.7,LBS/HR,NSR Permit No. 39142,29.36751,-94.9088,mapbox
391728,CLOSED,FINAL,12/19/2022,TOKAI CARBON CB LTD,BORGER CARBON BLACK PLANT,HUTCHINSON,EMISSIONS EVENT,12/8/2022 15:55,12/8/2022 17:30,Unit 4 Smoke Header,,Hydrogen cyanide,0.17,POUNDS,10,POUNDS,PSD Permit,35.665472,-101.435708,mapbox
391963,CLOSED,FINAL,12/28/2022,ASCEND PERFORMANCE MATERIALS TEXAS LLC,ASCEND PERFORMANCE MATERIALS CHOCOLATE BAYOU PLANT,BRAZORIA,EMISSIONS EVENT,12/14/2022 11:32,12/14/2022 13:19,Process Fugitives,70ANFUG,Hydrogen cyanide,0.82,POUNDS,0,,NSR Permit 38336,29.18161,-95.4993375,county_centroid
392002,CLOSED,FINAL,12/28/2022,ASCEND PERFORMANCE MATERIALS TEXAS LLC,ASCEND PERFORMANCE MATERIALS CHOCOLATE BAYOU PLANT,BRAZORIA,EMISSIONS EVENT,12/15/2022 6:48,12/15/2022 8:24,"AN-2, AN-3, and 30COFUG ISBL Process Fugitives",30ISBLFUG,Hydrogen cyanide,73,POUNDS,0,,NSR Permit 18251,29.18161,-95.4993375,county_centroid
392478,CLOSED,FINAL,1/9/2023,VALERO REFINING-TEXAS LP,VALERO REFINING TEXAS CITY REFINERY,GALVESTON,EMISSIONS EVENT,12/23/2022 7:00,12/26/2022 19:48,FCCU Regenerator Vent,EG-001,Hydrogen cyanide,80.1,POUNDS,67.7,LBS/HR,NSR Permit No. 39142,29.36751,-94.9088,mapbox
392814,CLOSED,FINAL,1/26/2023,TOTALENERGIES PETROCHEMICALS & REFINING USA INC,PORT ARTHUR REFINERY,JEFFERSON,AIR STARTUP,1/1/2023 8:00,1/17/2023 16:00,Fluid Catalytic Cracking Unit,55RGNFLUGS,Hydrogen cyanide,2155.09,POUNDS,68.36,LBS/HR,NSR Permit 46396,29.961969,-93.892779,mapbox
393821,CLOSED,FINAL,1/24/2023,TOKAI CARBON CB LTD,BORGER CARBON BLACK PLANT,HUTCHINSON,EMISSIONS EVENT,1/13/2023 10:32,1/13/2023 11:09,Unit 1 Water Leg,,Hydrogen cyanide,1,POUNDS,10,POUNDS,PSD Permit,35.665472,-101.435708,mapbox
393821,CLOSED,FINAL,1/24/2023,TOKAI CARBON CB LTD,BORGER CARBON BLACK PLANT,HUTCHINSON,EMISSIONS EVENT,1/13/2023 10:32,1/13/2023 11:09,Unit 2 Flare Stack,114,Hydrogen cyanide,12,POUNDS,10,POUNDS,PSD Permit,35.665472,-101.435708,mapbox
393821,CLOSED,FINAL,1/24/2023,TOKAI CARBON CB LTD,BORGER CARBON BLACK PLANT,HUTCHINSON,EMISSIONS EVENT,1/13/2023 10:32,1/13/2023 11:09,Unit 3 Flare Stack,116,Hydrogen cyanide,2,POUNDS,10,POUNDS,PSD Permit,35.665472,-101.435708,mapbox
395875,CLOSED,FINAL,3/7/2023,ASCEND PERFORMANCE MATERIALS TEXAS LLC,ASCEND PERFORMANCE MATERIALS CHOCOLATE BAYOU PLANT,BRAZORIA,EMISSIONS EVENT,2/22/2023 3:40,2/22/2023 3:45,"AN-2, AN-3, and 30COFUG ISBL Process Fugitives",30ISBLFUG,Hydrogen cyanide,6.5,POUNDS,0,,NSR Permit 18251,29.18161,-95.4993375,county_centroid
397030,CLOSED,FINAL,3/24/2023,EXXONMOBIL OIL CORPORATION,EXXONMOBIL BEAUMONT REFINERY,JEFFERSON,EMISSIONS EVENT,3/12/2023 4:03,3/12/2023 15:29,FCCU Scrubber Stack,06STK_003,Hydrogen cyanide,36.58,POUNDS,18.19,LBS/HR,NSR Permit 49138,30.065081,-94.073392,mapbox
397578,CLOSED,FINAL,4/3/2023,INV NYLON CHEMICALS AMERICAS LLC,INV NYLON CHEMICALS AMERICAS ORANGE SITE,ORANGE,EMISSIONS EVENT,3/20/2023 19:00,3/28/2023 8:02,Building 3030/3032 Fugitive,FH401,Hydrogen cyanide,17.47,POUNDS,3.17,POUNDS,NSR 1302,30.05703471,-93.7577447,census
399666,CLOSED,FINAL,5/12/2023,ASCEND PERFORMANCE MATERIALS TEXAS LLC,ASCEND PERFORMANCE MATERIALS CHOCOLATE BAYOU PLANT,BRAZORIA,EMISSIONS EVENT,4/28/2023 11:26,4/28/2023 11:41,Process Fugitives,70ANFUG,Hydrogen cyanide,7.52,POUNDS,0,,NSR Permit 38336,29.18161,-95.4993375,county_centroid
401193,CLOSED,FINAL,6/12/2023,ASCEND PERFORMANCE MATERIALS TEXAS LLC,ASCEND PERFORMANCE MATERIALS CHOCOLATE BAYOU PLANT,BRAZORIA,EMISSIONS EVENT,5/29/2023 1:18,5/29/2023 13:36,"AN-2, AN-3, and 30COFUG ISBL Process Fugitives",30ISBLFUG,Hydrogen cyanide,43,POUNDS,0,,NSR Permit 18251,29.18161,-95.4993375,county_centroid
402663,CLOSED,FINAL,6/30/2023,MITSUBISHI CHEMICAL AMERICA INC,MCA PASADENA SITE,HARRIS,EMISSIONS EVENT,6/19/2023 11:15,6/20/2023 16:15,Drum,,Hydrogen cyanide,0.1,POUNDS,0,,19941,29.61874702,-95.06132548,census
406749,CLOSED,FINAL,8/3/2023,TOKAI CARBON CB LTD,BORGER CARBON BLACK PLANT,HUTCHINSON,EMISSIONS EVENT,7/29/2023 16:45,7/29/2023 18:45,Unit 1 PBF,FLARE-1,Hydrogen cyanide,2,POUNDS,0,,NSR Permit,35.665472,-101.435708,mapbox
406749,CLOSED,FINAL,8/3/2023,TOKAI CARBON CB LTD,BORGER CARBON BLACK PLANT,HUTCHINSON,EMISSIONS EVENT,7/29/2023 16:45,7/29/2023 18:45,Unit 3 PBF,FLARE-3,Hydrogen cyanide,5,POUNDS,0,,NSR Permit,35.665472,-101.435708,mapbox
412512,CLOSED,FINAL,11/27/2023,INV NYLON CHEMICALS AMERICAS LLC,INV NYLON CHEMICALS AMERICAS VICTORIA SITE,VICTORIA,EMISSIONS EVENT,11/7/2023 22:54,11/9/2023 5:37,Pump Tank Scrubber and Closed Sump,10VNT-255,Hydrogen cyanide,3.7,POUNDS,37.5,LBS/HR,NSR Permit 7186 as MSS limit,28.68846258,-96.94182773,census
413192,CLOSED,FINAL,12/8/2023,INV NYLON CHEMICALS AMERICAS LLC,INV NYLON CHEMICALS AMERICAS VICTORIA SITE,VICTORIA,EMISSIONS EVENT,11/23/2023 14:30,11/24/2023 20:12,Adiponitrile Flare,10FLR-005,Hydrogen cyanide,0.97,POUNDS,666.77,LBS/HR,Authorized as VOC Under NSR Permit 7186 As MSS Limit,28.68846258,-96.94182773,census
415640,CLOSED,FINAL,2/5/2024,EXXON MOBIL CORPORATION,EXXONMOBIL BAYTOWN REFINERY,HARRIS,EMISSIONS EVENT,1/15/2024 12:45,1/16/2024 6:59,Fluid Catalytic Cracking Unit 3 Wet Gas Scrubber,FCCU3WGS,Hydrogen cyanide,2.13,POUNDS,6117.32,LBS/HR,2.13 lbs of the total 2.13 lbs are authorized under Permit #18287/PSD-TX-730M4/PAL7.,29.756373,-94.991395,mapbox
415682,CLOSED,INITIAL,1/16/2024,ASCEND PERFORMANCE MATERIALS TEXAS LLC,ASCEND PERFORMANCE MATERIALS CHOCOLATE BAYOU PLANT,BRAZORIA,EMISSIONS EVENT,1/15/2024 23:38,1/16/2024 1:38,Process Fugitives,70ANFUG,Hydrogen cyanide,0.06,POUNDS,0,,NSR Permit 38336,29.18161,-95.4993375,county_centroid
416455,CLOSED,FINAL,2/7/2024,ASCEND PERFORMANCE MATERIALS TEXAS LLC,ASCEND PERFORMANCE MATERIALS CHOCOLATE BAYOU PLANT,BRAZORIA,EMISSIONS EVENT,1/29/2024 10:45,1/29/2024 12:03,Process Fugitives,70ANFUG,Hydrogen cyanide,0.5,POUNDS,0,,NSR Permit 38336,29.18161,-95.4993375,county_centroid
416719,CLOSED,FINAL,2/13/2024,ASCEND PERFORMANCE MATERIALS TEXAS LLC,ASCEND PERFORMANCE MATERIALS CHOCOLATE BAYOU PLANT,BRAZORIA,EMISSIONS EVENT,2/2/2024 14:51,2/2/2024 15:20,"AN-2, AN-3, and 30COFUG ISBL Process Fugitives",30ISBLFUG,Hydrogen cyanide,6.4,POUNDS,0,,NSR Permit 18251,29.18161,-95.4993375,county_centroid
417500,CLOSED,FINAL,3/1/2024,ASCEND PERFORMANCE MATERIALS TEXAS LLC,ASCEND PERFORMANCE MATERIALS CHOCOLATE BAYOU PLANT,BRAZORIA,EMISSIONS EVENT,2/19/2024 8:17,2/19/2024 8:42,"AN-2, AN-3, and 30COFUG ISBL Process Fugitives",30ISBLFUG,Hydrogen cyanide,8.4,POUNDS,0,,NSR Permit 18251,29.18161,-95.4993375,county_centroid
424014,CLOSED,FINAL,6/12/2024,ASCEND PERFORMANCE MATERIALS TEXAS LLC,ASCEND PERFORMANCE MATERIALS CHOCOLATE BAYOU PLANT,BRAZORIA,EMISSIONS EVENT,5/28/2024 15:12,5/28/2024 17:43,"AN-2, AN-3 and 30COFUGISBL Process Fugitives",30ISBLFUG,Hydrogen cyanide,51,POUNDS,0,,NSR18251,29.18161,-95.4993375,county_centroid
424014,CLOSED,FINAL,6/12/2024,ASCEND PERFORMANCE MATERIALS TEXAS LLC,ASCEND PERFORMANCE MATERIALS CHOCOLATE BAYOU PLANT,BRAZORIA,EMISSIONS EVENT,5/28/2024 15:12,5/28/2024 17:43,Process Fugitives,70ANFUG,Hydrogen cyanide,20,POUNDS,0,,NSR38336,29.18161,-95.4993375,county_centroid
424248,CLOSED,FINAL,6/27/2024,INV NYLON CHEMICALS AMERICAS LLC,INV NYLON CHEMICALS AMERICAS VICTORIA SITE,VICTORIA,EMISSIONS EVENT,6/1/2024 7:25,6/11/2024 21:00,Pump Tank Scrubber and Closed Sump,10VNT-255,Hydrogen cyanide,539.1,POUNDS,66.8,LBS/HR,Authorized as VOC in NSR 7186 as MSS limit,28.68846258,-96.94182773,census
424248,CLOSED,FINAL,6/27/2024,INV NYLON CHEMICALS AMERICAS LLC,INV NYLON CHEMICALS AMERICAS VICTORIA SITE,VICTORIA,EMISSIONS EVENT,6/1/2024 7:25,6/11/2024 21:00,Sitewide Fugitive,SITEFUG,Hydrogen cyanide,0.89,POUNDS,0,,No specified emissions authorized fo,28.68846258,-96.94182773,census
424742,CLOSED,FINAL,6/24/2024,INV NYLON CHEMICALS AMERICAS LLC,INV NYLON CHEMICALS AMERICAS VICTORIA SITE,VICTORIA,EMISSIONS EVENT,6/10/2024 16:18,6/10/2024 16:38,ADN Fugitives,10FUG,Hydrogen cyanide,50.7,POUNDS,0.02,LBS/HR,NSR 7186,28.68846258,-96.94182773,census
425730,CLOSED,FINAL,7/10/2024,INV NYLON CHEMICALS AMERICAS LLC,INV NYLON CHEMICALS AMERICAS VICTORIA SITE,VICTORIA,EMISSIONS EVENT,6/26/2024 7:50,6/27/2024 1:05,General EPN - Unpermitted Emissions,10FUG-UNP,Hydrogen cyanide,16.5,POUNDS,1.84,LBS/HR,NSR 7186,28.68846258,-96.94182773,census
431577,CLOSED,FINAL,11/3/2024,TOTALENERGIES PETROCHEMICALS & REFINING USA INC,PORT ARTHUR REFINERY,JEFFERSON,EMISSIONS EVENT,10/25/2024 18:21,10/26/2024 1:00,Fluid Catalytic Cracking Unit,55RGNFLUGS,Hydrogen cyanide,135.37,POUNDS,68.36,LBS/HR,NSR Permit 46396,29.961969,-93.892779,mapbox
436484,CLOSED,FINAL,3/5/2025,INV NYLON CHEMICALS AMERICAS LLC,INV NYLON CHEMICALS AMERICAS VICTORIA SITE,VICTORIA,EMISSIONS EVENT,2/19/2025 10:50,2/21/2025 0:45,HCN Vent Scrubber,10VNT255,Hydrogen cyanide,3.31,POUNDS,0.02,LBS/HR,NSR 7186 as MSS Limit,28.68846258,-96.94182773,census
436665,CLOSED,FINAL,3/5/2025,ASCEND PERFORMANCE MATERIALS TEXAS LLC,ASCEND PERFORMANCE MATERIALS CHOCOLATE BAYOU PLANT,BRAZORIA,EMISSIONS EVENT,2/21/2025 2:00,2/21/2025 6:35,Process Fugitives,70ANFUG,Hydrogen cyanide,0.1,POUNDS,0,,NSR38336,29.18161,-95.4993375,county_centroid
440897,CLOSED,FINAL,6/3/2025,TOKAI CARBON CB LTD,BORGER CARBON BLACK PLANT,HUTCHINSON,EMISSIONS EVENT,5/21/2025 12:40,5/21/2025 13:25,Unit 3 Primary Bag Filter,122,Hydrogen cyanide,6,POUNDS,10,POUNDS,NSR Permit,35.665472,-101.435708,mapbox
441388,CLOSED,FINAL,6/11/2025,EXXON MOBIL CORPORATION,EXXONMOBIL BAYTOWN REFINERY,HARRIS,EMISSIONS EVENT,5/27/2025 18:00,5/29/2025 16:59,FCCU-3 Wet Gas Scrubber,FCCU3WGS,Hydrogen cyanide,14.76,POUNDS,6117.32,LBS/HR,14.76 lbs of the total 14.76 lbs are authorized under Permit #18287/PSD-TX-730M4/PAL7.,29.756373,-94.991395,mapbox
443406,CLOSED,FINAL,7/28/2025,ROHM AND HAAS TEXAS INCORPORATED,ROHM AND HAAS TEXAS DEER PARK PLANT,HARRIS,EMISSIONS EVENT,7/14/2025 16:46,7/14/2025 17:25,Fugitives,FN,Hydrogen cyanide,1,POUNDS,0,,NSR 723,29.732399,-95.104035,mapbox
445671,CLOSED,FINAL,9/5/2025,CONTINENTAL CARBON COMPANY,CONTINENTAL CARBON SUNRAY PLANT,MOORE,EMISSIONS EVENT,8/23/2025 0:00,8/23/2025 14:00,Flare No 1,21,Hydrogen cyanide,212.37,POUNDS,0.35,LBS/HR,133873 and PSDTX463,35.98246339,-101.891134,census
445671,CLOSED,FINAL,9/5/2025,CONTINENTAL CARBON COMPANY,CONTINENTAL CARBON SUNRAY PLANT,MOORE,EMISSIONS EVENT,8/23/2025 0:00,8/23/2025 14:00,Flare No 2,23,Hydrogen cyanide,120.92,POUNDS,0.24,LBS/HR,133873 and PSDTX463,35.98246339,-101.891134,census
446269,CLOSED,FINAL,9/23/2025,CONTINENTAL CARBON COMPANY,CONTINENTAL CARBON SUNRAY PLANT,MOORE,EMISSIONS EVENT,9/14/2025 10:00,9/15/2025 16:00,Flare No. 1,EPN 21,Hydrogen cyanide,159.35,POUNDS,0.59,LBS/HR,133873 and PSDTX463,35.98246339,-101.891134,census
456322,OPEN,FINAL,4/28/2026,ROHM AND HAAS TEXAS INCORPORATED,ROHM AND HAAS TEXAS DEER PARK PLANT,HARRIS,EMISSIONS EVENT,4/14/2026 21:30,4/15/2026 3:40,Fugitives,SW-27,Hydrogen cyanide,2,POUNDS,0,,NSR 17392,29.732399,-95.104035,mapbox
